Id,target
21135,0
15443,0
50774,1
9543,0
14496,0
56870,1
35199,0
5753,1
13216,1
31825,1
54665,1
50529,1
13580,1
60150,1
21697,1
29471,1
30962,0
40527,0
18337,0
41839,1
32800,1
58802,1
43645,1
58095,0
2923,0
2156,1
284,0
22925,1
39277,0
55197,1
49490,1
26682,1
51221,1
36394,0
54887,1
31038,1
9796,0
29974,0
4664,0
17047,1
18840,0
33344,1
8102,1
4214,1
42668,1
51134,1
40031,1
32655,1
31420,0
61211,0
47924,1
11969,1
28095,1
10053,0
39030,1
28242,0
31784,0
41540,1
54979,1
5151,0
23866,0
19472,1
4247,0
22935,1
43232,0
18878,0
12323,1
26898,1
12630,0
61260,1
31400,0
41324,1
17660,1
9780,1
11129,1
12777,1
17804,0
13288,0
16967,0
2945,1
45604,0
57639,0
1412,1
32772,0
30156,1
12365,1
57491,0
24430,1
23801,0
40228,0
24300,0
11907,0
12684,1
55538,0
41763,0
20453,1
2530,1
23415,0
23528,1
4035,0
22585,0
23157,0
52649,1
7030,1
40772,1
1947,1
37872,1
24911,1
30976,0
28039,1
43743,0
3732,0
53067,1
31535,1
59789,1
24816,1
17963,0
29812,1
41421,1
24767,0
46308,0
47504,1
44299,1
43483,1
50570,1
57313,1
48848,1
57323,0
54027,1
28556,1
1872,1
33819,1
7261,1
12496,1
21928,0
31258,1
31747,0
23186,1
47334,1
4618,1
47524,1
59088,1
23130,0
53403,1
61753,0
56924,1
58934,1
51225,0
18121,0
7601,1
25597,1
850,1
15593,1
14128,1
56689,1
26429,0
9887,0
29745,0
40103,1
42389,0
47391,1
48407,1
10972,1
54209,1
32115,1
22095,0
4905,0
1041,1
16277,1
55680,0
10941,0
47142,1
1729,1
59707,1
9060,1
34195,1
29172,0
22709,0
40500,1
47250,1
41509,1
49633,0
11760,0
42782,1
35316,1
57276,0
45003,1
795,0
38948,0
47357,1
51088,0
14000,1
25577,0
10451,1
7787,1
19568,1
4903,1
44930,1
15375,0
19502,1
52133,0
18643,1
57440,1
28996,1
26436,1
21419,1
50571,1
476,1
48545,1
61002,0
53253,1
3266,0
22265,0
20692,1
51398,0
24214,1
3751,0
43195,0
24694,1
8692,1
2613,0
23134,0
1801,0
8327,1
29843,1
14366,0
58852,1
52980,0
14757,1
48581,1
38511,1
19364,0
27192,1
53075,0
2293,1
59383,0
33788,1
34749,1
49131,1
52582,1
42292,1
25594,1
7087,1
19303,0
34067,1
41764,1
49723,0
45253,0
34993,0
26306,1
18698,1
7564,1
29985,1
3798,1
14201,0
52317,0
17383,1
25695,1
61156,1
9202,1
31439,1
46092,0
37080,1
15516,0
52804,0
57876,0
31953,1
4134,1
32408,1
4527,1
31153,1
57869,1
26315,1
19907,1
35207,1
39488,1
17974,1
39294,1
33803,0
41326,1
37743,1
55953,1
123,0
11508,0
32123,1
34278,0
29505,1
28990,1
32728,1
9733,0
61809,1
59608,1
642,1
51372,1
6056,0
48968,1
33725,1
43828,0
55149,1
28715,0
46630,1
24690,0
37808,1
320,1
14776,0
41719,1
40096,1
23428,1
49462,1
32497,0
51504,0
29293,1
3156,1
881,1
19499,0
56332,1
11403,0
33114,1
34799,1
13554,1
10239,0
41112,1
28916,0
18145,1
48212,0
26840,1
59528,1
17177,0
34536,1
38457,0
24704,1
50039,1
25426,0
8022,1
20081,0
25542,0
27026,1
21765,1
47119,0
6235,1
16300,0
40806,1
34955,0
38466,1
48508,0
9814,1
16815,0
54451,1
54339,1
15161,0
5953,1
32786,1
46184,0
56156,0
57834,0
59880,1
9607,1
48748,1
16288,0
27801,1
43755,0
1637,0
54832,1
2462,1
43804,0
28678,0
6610,0
49263,1
55996,1
21532,1
54324,0
31314,1
39652,0
48793,1
3872,1
47629,0
3054,1
5865,1
59593,1
47696,0
12502,1
43826,0
42511,1
30511,0
10495,1
13395,1
18043,0
26683,1
59315,0
3160,1
41045,0
39420,1
10296,1
24570,0
8076,1
13922,1
14464,1
28410,0
33170,0
44041,1
38472,1
358,0
54877,1
6611,0
16370,1
21841,0
42434,0
12977,1
3618,1
6502,1
43924,1
28501,1
23616,1
3985,0
16194,1
53367,1
10576,1
336,1
61167,1
21454,1
12327,1
22778,1
12556,1
24347,0
21723,1
6249,0
377,1
41800,1
19739,1
34509,1
49472,0
5477,1
54805,1
5711,0
35873,1
26645,0
8058,1
55535,0
34766,1
18996,0
18991,1
1739,0
55579,1
11979,1
48310,1
12981,0
732,1
22118,1
55023,1
22338,1
26803,0
30225,1
15332,1
8364,1
38740,1
2704,0
14783,1
53814,1
8023,1
51640,1
27819,0
7122,1
45710,1
589,1
55748,0
13631,1
38778,0
1119,1
8055,1
34685,1
49266,1
15208,1
32164,0
25503,1
24597,0
39819,1
9966,1
55608,0
56622,1
9330,1
52298,1
59697,1
46234,1
24621,0
47036,1
5936,0
52517,1
290,1
19171,1
4518,1
29906,1
24770,1
50494,0
30668,0
8913,1
39162,1
48606,0
13054,1
45158,1
40427,0
32766,1
46885,1
57198,1
38592,1
5252,1
55943,0
21128,1
27471,1
50943,0
622,1
15699,1
34233,1
16295,1
17625,1
6084,1
6322,1
48666,1
7358,0
15150,1
6319,1
169,0
48959,1
41588,0
32130,1
54325,1
52466,0
20058,0
28186,0
16262,0
3263,0
42792,1
34448,1
54081,1
34387,0
39009,1
44968,0
57471,1
32874,1
57412,0
47342,1
53875,1
29353,0
40831,1
4792,1
22219,1
24546,1
4291,0
29815,0
61142,0
41303,1
55744,0
22050,0
8861,1
27913,1
43241,1
19939,1
23389,1
53773,1
10180,0
25607,0
41359,1
7436,1
43199,1
23774,1
20742,0
41053,1
34985,1
40316,1
45479,1
20012,0
53159,1
41229,1
15192,0
59569,1
33698,1
51935,1
34773,1
12796,0
43319,0
7371,1
20694,1
10016,1
55225,1
25091,1
51166,1
31347,0
7986,1
41814,1
59464,1
45655,1
52288,1
35519,0
28433,1
275,0
42976,0
12762,1
50456,1
9043,0
57103,1
17123,0
27622,1
40741,1
32211,1
8791,0
32580,1
23525,1
24400,1
41561,0
49130,1
61657,1
40425,1
5407,0
49070,0
9208,1
58306,0
44358,1
43510,1
6526,0
28397,0
13165,0
55550,0
2420,1
37397,0
16407,0
1675,1
49183,0
30135,1
21792,1
8770,1
24492,0
6596,0
51287,1
30822,1
61617,1
40678,0
40944,1
26748,0
35945,1
34889,1
31231,1
33184,0
35619,1
29224,1
55580,0
58426,0
50543,0
11063,1
6923,1
24707,1
58769,1
36924,0
33959,1
47873,1
29426,1
49567,0
39087,0
16333,0
21805,1
61741,1
19727,0
37898,0
52214,1
5870,0
4010,1
1529,1
10703,0
27858,0
45215,0
37291,1
2615,0
61559,1
31043,1
14538,0
26847,0
18962,1
5731,0
47074,0
48992,0
34333,1
23221,1
37187,1
45832,0
22202,0
37784,1
2966,0
55173,1
60188,0
13481,1
50622,1
36407,1
6513,1
53989,1
37779,1
7882,1
4728,1
46404,1
47859,1
54425,1
38769,1
28075,0
29638,1
48341,0
10536,1
35235,0
55572,1
5313,1
24323,1
3932,1
31685,1
48654,1
12057,0
5819,1
60589,0
29409,1
10211,1
21418,1
24908,0
34571,1
3424,0
53065,0
4640,0
19042,1
38648,1
51269,1
9044,1
37837,0
33404,1
47237,0
46987,0
24755,1
16834,1
35368,1
29185,0
50181,0
44668,0
39417,0
12704,1
55989,1
3850,1
9359,0
21833,1
18852,1
5447,1
38762,1
25779,1
3362,1
3468,1
29902,1
33130,1
48334,1
36868,1
31842,1
37819,0
45063,1
3091,0
37408,1
32428,1
36510,1
49148,0
18692,1
43350,0
10337,1
6194,1
45691,1
12455,0
34338,0
27848,1
36766,0
23701,0
6510,1
40047,1
52612,1
28880,1
47949,1
36668,1
43803,1
45098,0
26000,1
24010,1
45679,1
41008,0
33423,1
59031,0
49846,1
30731,1
32289,0
19924,0
15950,1
46501,1
16585,0
26041,1
25198,0
49475,1
31144,1
36010,0
46039,1
6669,1
44350,1
3895,1
36015,1
43670,0
12109,1
52772,0
15007,1
39274,0
26714,1
51942,1
19764,0
1195,0
7827,1
47800,1
57045,0
3276,0
51611,1
45477,1
32356,0
57540,1
40451,1
51150,1
35644,1
8585,1
27844,1
24976,0
55444,1
42002,1
46509,1
52796,0
1855,0
33671,0
39438,0
57985,1
30808,0
51459,1
10735,1
4613,1
949,1
39222,1
45552,0
7093,1
48224,1
46103,0
5526,1
58882,1
7687,1
45725,1
385,0
46738,1
13707,1
25999,0
40005,1
50517,1
27723,0
17598,0
44004,1
18351,0
4644,1
51455,1
42021,1
9059,1
53788,0
16934,1
59544,1
19508,1
60416,1
59884,1
4566,1
21574,1
61425,0
6477,0
31187,1
28062,0
49461,0
47702,1
27070,1
11573,1
9529,1
38152,0
31192,1
35589,1
59044,1
19918,1
33792,1
4274,1
49613,1
9909,1
38875,0
19474,1
4655,1
32135,0
16366,1
14053,0
11815,1
26093,0
56341,1
34449,1
28530,1
46563,0
35982,1
473,1
35163,0
14719,1
26751,0
48601,0
49870,0
23005,1
58061,0
23508,1
53604,0
33691,0
55288,1
21689,0
14054,1
10843,0
58671,1
47476,1
34303,0
16377,1
7767,1
19412,1
9597,1
37507,1
58502,0
40041,0
14544,1
40924,1
39340,1
19780,1
16469,1
17654,1
32006,1
11847,0
46476,0
53683,0
16006,0
9578,1
12180,0
25186,1
47628,1
29873,1
23529,1
22242,1
38292,0
33030,1
59250,0
29507,1
3571,1
24749,1
33823,0
13256,1
48043,1
29167,1
7482,1
54218,0
4828,1
4631,0
11681,0
5042,1
53443,1
22930,1
46631,1
37876,1
60767,1
45733,0
30721,0
54435,0
17306,1
9376,1
39264,1
39988,0
17558,1
17763,0
48041,0
124,1
54625,0
40426,1
10585,0
46379,1
19229,1
7731,0
29384,1
56746,1
9356,0
61143,1
55502,0
57134,0
17278,1
16828,1
11591,0
36841,1
21037,1
61044,1
34093,1
49255,1
3619,1
51467,1
23937,0
20158,0
22224,0
25392,0
58930,1
41456,1
37439,1
23336,1
30710,0
30926,1
7392,0
38885,1
3475,1
25099,1
30831,1
55481,1
54673,1
29905,1
42183,1
57120,1
12873,1
14489,1
43011,1
32378,1
14595,1
52299,1
44527,1
18048,1
37975,1
5763,0
51003,0
9680,0
29891,1
28674,0
41079,0
32911,0
24764,1
59012,0
40330,0
1122,1
12548,1
43173,0
22401,1
20135,1
13854,1
799,1
8398,0
20691,1
60218,0
17790,1
6501,1
22237,0
46882,0
36007,1
48587,1
46393,0
7788,0
44653,0
35595,1
3878,1
3259,1
44770,1
58953,1
53648,0
11533,0
47131,0
7231,1
36793,1
19250,1
50614,0
24145,1
7860,0
61761,1
32101,1
7713,0
56165,1
2231,0
58116,1
18673,1
26974,0
21089,1
600,1
5691,0
22623,0
9495,1
51963,1
17614,1
61952,1
59603,1
34777,1
29800,1
1141,1
59689,1
40162,1
54005,1
4050,0
1564,0
19885,0
11261,1
54568,1
14423,1
42565,1
30410,1
47134,0
27159,1
41918,0
4292,1
45987,1
29047,0
32876,1
5948,0
4114,1
53812,0
59609,1
9105,0
37664,1
37396,1
24386,0
29374,1
44956,0
3928,1
508,1
61376,0
57109,0
45549,0
14188,0
28051,0
8853,0
25317,1
10226,1
53341,0
38157,0
3716,1
20501,1
9939,0
1890,0
28697,0
11682,1
33988,1
7832,1
54076,1
28755,1
53307,1
43589,0
2398,1
13102,1
23178,0
8944,0
20174,1
30459,1
39680,0
27303,1
61271,1
31358,1
38008,1
46364,1
55970,0
34569,1
53527,0
51648,1
8403,0
50127,1
40595,0
29931,0
17381,1
56827,1
9082,0
913,0
52427,1
6583,0
41130,0
41715,1
33148,0
58332,1
39619,1
13901,1
7070,0
51710,1
41241,0
23252,1
28579,1
2252,0
57141,1
46986,0
54871,1
15360,0
4244,0
26350,1
43474,1
36168,1
58507,1
50193,1
1278,1
28829,1
57619,0
38820,1
30812,0
41530,0
27458,1
3003,1
29818,1
11941,1
7273,1
43485,0
713,1
25161,1
8491,0
42109,1
31812,0
57835,1
52007,1
4502,1
43816,0
4122,1
44151,0
26897,0
30502,1
17489,1
59800,1
3349,1
41759,1
20043,1
53445,0
54942,0
3884,0
42540,1
58613,1
8937,0
46208,0
20656,1
46556,1
29627,1
48691,1
19265,1
56614,1
46477,1
36760,0
28741,1
31733,1
54990,1
19685,0
31945,0
22053,1
7748,0
11008,1
11076,1
38164,0
13713,1
15560,0
45754,1
36012,1
58371,0
224,1
50158,0
30111,1
33902,0
40910,0
30685,1
13529,1
17147,1
43389,1
37112,0
23650,1
50830,0
998,0
26565,0
41119,1
60886,1
32145,1
38289,1
29128,1
55793,1
3620,1
9742,0
41370,0
7057,0
18603,1
37037,1
4871,1
52681,1
58558,1
54162,0
8637,1
30651,0
30199,1
1705,0
4839,1
1441,1
412,0
39280,0
8112,0
20388,1
34991,0
29832,0
31152,1
11477,1
20734,1
31251,1
60140,1
3406,1
25267,0
7797,0
36887,0
48961,1
43180,0
49456,1
41787,1
38886,1
29606,1
55103,1
44688,1
38723,0
7460,0
11873,0
20037,1
15301,0
46007,0
3303,1
36443,1
6605,0
43095,1
1493,1
36693,0
33805,1
2143,1
48981,1
963,1
14049,1
41768,0
22857,1
40991,0
33850,1
35460,1
19819,1
10807,1
47752,1
4716,1
39851,1
23021,0
17727,1
3754,1
55038,1
26629,1
5486,0
31010,1
61163,1
17467,1
46588,1
22043,1
18837,0
31061,1
20984,1
26711,0
29404,0
28240,0
4592,0
48466,1
25646,1
11478,0
51623,1
58383,1
47931,0
39723,1
32427,0
28106,0
47470,0
37311,0
54288,0
30206,1
773,0
38409,1
11977,0
4730,1
24811,1
9321,0
22439,1
33356,1
54722,0
28169,0
50539,0
6682,1
51266,1
2445,1
3123,1
33035,0
5241,0
18478,0
42476,0
2578,1
18612,1
14446,1
50651,1
846,1
40750,0
6296,1
51400,0
55666,0
50353,0
33877,1
40288,1
9786,1
32867,1
12786,1
20637,0
22521,1
7140,0
56500,1
59457,1
18201,0
39301,0
5400,1
42196,1
43709,0
52407,1
28746,1
46893,0
4368,1
58902,1
33104,1
54465,1
7066,0
43857,1
3232,1
51251,1
24283,0
60389,1
46570,1
7970,1
21411,1
29541,1
32600,1
56869,1
60713,1
11893,0
43693,0
55532,1
39419,0
27047,1
12883,1
4732,0
44116,1
45362,0
31571,1
54739,1
10898,1
10067,0
35531,0
19425,1
27107,0
14280,1
7206,1
46244,1
27253,1
50945,1
42438,0
57074,1
17584,1
15033,1
33711,0
41593,0
37933,0
51163,1
61541,1
44347,1
55967,1
47427,0
57030,1
14111,1
33808,1
35670,1
33156,1
21727,1
24851,0
59219,1
47477,1
34331,1
48705,1
24360,0
39033,1
41419,1
3125,1
52967,1
3114,1
7740,1
10732,1
25336,1
40028,1
32831,0
24894,1
9894,1
40294,1
18921,0
10476,1
3168,1
39000,1
47281,1
11160,0
930,0
7372,1
45024,1
59855,1
38004,0
18361,1
43345,0
49913,1
2035,0
16643,1
57747,0
2105,1
60904,0
49297,1
2196,0
28786,0
60235,1
13740,0
52363,1
21952,1
59127,0
42537,0
12296,1
24278,1
26545,1
17167,1
59319,1
58894,1
46108,0
17074,1
51586,1
15240,1
57798,1
16602,1
4653,0
60440,1
41178,1
58530,1
40614,1
19367,0
26234,1
57683,1
60064,1
45354,0
8320,0
48446,1
50016,1
50270,1
54050,1
22993,0
50778,0
19542,1
37368,1
35225,1
27402,0
45342,1
40941,1
54600,0
12970,1
35419,0
4042,1
7267,0
61200,1
59644,1
53719,1
3953,1
18553,0
34050,0
21811,1
5583,1
39238,0
37123,1
4895,1
14216,1
60516,1
32352,0
39283,1
8083,1
54711,1
36616,0
11243,1
53787,0
27123,1
60403,1
16790,1
30213,1
32820,1
31293,1
41821,0
47712,1
58909,1
59779,0
2409,1
35583,1
22473,1
1227,0
36863,1
27574,1
44182,0
42069,1
53219,1
34672,0
9076,0
36709,0
22234,1
32901,0
11985,1
11797,1
36055,1
7127,1
26861,1
55596,1
51671,0
9244,1
29839,0
13628,1
27116,1
57996,0
50156,1
28854,0
47152,1
22814,1
2529,1
58738,1
39586,1
36533,0
19162,0
60896,0
711,1
39002,0
18449,1
47717,0
28367,0
54284,1
55081,0
11466,0
27571,1
20883,1
31457,1
32040,1
2587,1
47030,1
15773,1
55324,1
17752,1
55692,1
386,0
29955,0
20054,1
16308,1
497,1
28355,1
10942,1
8111,1
19057,0
45590,0
44153,0
35625,1
1935,1
31292,0
23792,1
61130,1
2036,0
14548,0
29020,1
45423,0
11003,0
44470,0
24220,1
6680,0
2201,0
7212,0
32999,0
8701,1
51277,0
24867,0
61103,1
17163,0
36755,1
669,1
61551,1
43634,0
22668,1
59811,1
45791,1
14978,1
1656,0
3434,0
16619,0
18497,0
24084,1
17806,0
36344,1
49694,0
38102,1
24462,1
20916,1
17969,0
19223,0
43227,0
53860,0
10862,1
61264,1
58082,1
37445,1
23907,0
51410,0
57315,0
4488,0
34630,1
38708,1
15635,1
11219,0
45096,0
26606,0
23502,1
19039,1
30729,1
15519,1
26842,1
49035,1
61257,1
39632,0
31477,1
41177,1
21600,0
8822,0
11910,1
14172,0
54121,1
10502,0
61621,1
61287,1
9640,1
50215,1
29646,1
28615,1
16280,0
8380,1
32818,1
38536,0
58481,1
46771,1
54144,0
25679,1
9318,0
55404,0
57291,1
51404,0
58945,0
13020,1
23249,0
15462,1
26291,1
30709,1
59226,0
2215,0
4124,1
26231,1
21546,1
28921,0
40644,1
30993,0
47398,1
40708,0
35767,1
42718,1
35205,0
2821,0
6863,1
28861,1
47667,0
11594,0
19366,1
12553,1
30624,1
39575,1
17762,1
57366,0
25010,1
51170,0
8656,1
18342,0
48996,1
36750,0
29617,0
59639,1
20787,1
33507,1
9316,1
45858,1
57306,1
21782,1
27850,1
32897,1
360,0
17691,0
54781,1
26502,1
39829,1
56804,1
27911,1
45433,1
13543,1
55233,1
4163,1
17388,1
26896,0
52636,0
47352,1
9217,1
52522,1
21931,1
24717,1
48916,1
37305,1
26572,1
209,0
42066,1
42090,1
56683,0
59258,1
17514,0
12867,1
15527,1
46206,1
4262,1
15986,1
16966,1
9744,0
38726,1
23997,1
18893,1
8800,1
27987,1
9272,0
31238,1
46659,0
27711,1
39428,0
57891,1
1513,1
6697,0
2415,1
21915,1
54114,1
25395,1
33654,1
9799,0
37815,1
132,1
61975,0
31113,1
60782,0
22252,1
34159,1
27007,0
13501,1
50431,1
44620,0
15364,1
60497,1
43363,1
55527,1
39578,1
55772,1
7700,1
2040,1
32715,0
36314,1
25537,1
35961,0
23888,0
3947,1
8922,1
8768,1
46282,0
58590,1
49811,1
4365,0
22366,0
53611,1
16082,0
58463,1
11455,1
35907,1
5988,1
8291,0
12939,0
17643,0
22341,1
46230,0
4279,0
3516,0
12467,1
2081,1
29809,1
18142,0
46837,1
43934,1
22687,1
34251,1
43904,1
9111,1
33650,1
550,1
43204,1
39248,0
56693,1
5794,1
44082,1
24838,1
4338,0
61316,1
45755,1
58060,1
43239,1
35007,1
8067,1
36686,1
48547,1
28767,1
59482,1
55485,1
4743,1
9951,1
55504,1
60011,0
57421,0
2766,0
40947,1
24185,1
979,1
42516,0
18394,1
25114,0
17770,0
13729,1
43330,1
12541,1
15532,1
14767,1
21228,1
1306,1
15780,1
1405,0
11838,1
57723,0
46017,1
6437,1
9886,1
4475,0
21979,1
35237,0
10423,1
57724,1
56876,0
27403,0
6269,0
28936,0
27855,1
12865,1
1449,1
15606,1
42659,0
37915,0
2894,0
41597,1
56586,1
52738,1
30079,0
18563,0
32825,0
44706,1
3201,1
43412,1
13458,0
49299,1
24677,1
29084,1
33632,1
54269,1
36411,0
28726,1
53399,1
44322,1
7309,1
35618,0
53810,1
4257,0
40205,1
12292,1
53702,1
43526,0
25532,0
42794,1
45622,0
26289,1
49291,1
27594,1
31505,0
30794,1
15160,1
30635,0
13141,0
56153,0
23707,1
20244,0
35507,0
10172,1
18215,0
40322,1
61635,1
396,1
19884,1
13369,1
46354,0
33513,0
12952,1
20187,0
43682,0
31172,1
14125,1
26833,1
19898,0
35639,1
29220,1
25074,1
31676,1
39261,0
45092,0
36515,0
10282,1
26104,1
674,1
297,1
6844,0
32880,0
29804,0
9173,0
46480,1
2686,0
32169,1
39617,1
33572,0
34632,1
44192,0
30773,1
43055,1
7303,1
43856,1
9831,1
56820,1
28168,1
54223,1
44888,1
14721,1
53031,1
17925,1
36706,1
54249,1
43192,0
16105,0
35015,1
39136,0
37387,0
56246,1
50269,1
34365,0
29013,1
36575,1
32791,0
13625,0
45574,1
42955,0
47206,0
34110,0
17419,1
11874,1
14666,1
21421,1
40077,1
28682,0
42427,0
34466,1
19153,0
32932,1
1953,0
36276,0
39969,0
42376,1
20168,0
5536,1
27106,1
45346,1
51527,0
48483,0
17755,0
35951,1
16665,0
61212,0
4186,1
21094,1
6377,0
51074,1
21557,0
57922,1
30355,0
52860,1
46137,1
42236,1
12914,1
18583,1
32174,1
21104,1
15356,0
52482,0
39020,0
58319,0
61908,1
47266,0
46920,1
37954,0
61654,1
39250,0
17895,1
15890,1
52620,0
14706,1
52740,1
16015,1
55328,1
24223,0
42628,1
20761,1
59813,1
48873,1
41857,0
44954,1
39782,0
13383,1
7013,1
41266,0
3251,1
21548,0
58165,1
42650,1
7451,1
57971,1
14611,1
8474,0
28850,1
40590,1
27677,0
9927,1
2363,1
34479,0
11000,1
39150,0
8216,0
34655,0
13550,0
46227,1
26030,1
31367,1
43467,1
7072,1
59079,1
29497,1
47826,0
59407,1
48512,1
30360,1
60048,0
56483,1
6837,1
54529,1
41698,0
41988,1
52033,0
15923,0
36527,1
43354,1
38792,0
6714,1
13788,0
44749,1
9116,0
22697,1
55820,1
59980,1
11963,0
21398,1
57545,1
34410,1
42411,1
34193,1
11545,1
29087,1
22938,1
31797,1
28480,0
5331,1
3144,1
38256,1
9187,1
30595,1
49258,1
61172,1
12988,1
61951,1
14103,1
26923,1
43371,1
12784,1
19862,0
57929,0
58606,0
42523,1
50054,0
21024,1
51130,1
40054,1
61321,1
19260,0
20516,1
53481,1
25168,0
19275,1
57568,1
36671,1
58092,1
11677,1
51672,1
38144,0
17145,1
60068,1
986,1
49160,1
54352,0
31550,0
21682,1
21368,1
58720,0
61469,0
22870,0
57818,1
24110,1
15299,1
40012,1
49430,1
53993,1
34417,1
8892,1
28460,1
4026,1
9309,0
22356,1
29521,0
52150,1
57017,1
60269,0
39970,1
25286,1
28335,0
29714,0
4130,0
38127,0
29039,0
18968,0
59026,0
4642,1
58579,1
5158,0
15323,1
56577,0
8149,1
25144,0
525,1
11413,1
14527,0
23753,1
733,0
53973,1
40461,0
36532,1
33900,0
29375,1
57588,1
7665,0
42306,1
12503,1
36105,1
9127,1
16126,0
10953,0
19468,0
45427,1
5458,1
17647,0
21936,1
42123,1
33789,1
47597,0
30391,1
11865,0
41658,0
56969,0
39644,1
2012,1
31898,1
49912,1
60518,0
14194,1
30826,1
52933,1
7279,0
7278,0
49601,1
25176,1
39938,1
46384,1
11310,1
32829,0
57968,1
32297,1
40007,0
6251,1
45930,1
43257,0
44918,1
38605,1
6073,1
47430,0
6381,0
25422,1
23380,0
314,1
21651,1
43387,1
27079,1
15513,1
35428,0
7886,1
14162,1
33169,1
54982,1
21630,1
39138,1
2555,0
10883,1
24338,1
59568,0
9311,1
35354,1
18629,1
39616,1
4370,0
16030,1
49866,1
26568,1
36345,1
2691,1
43328,1
14009,1
59604,1
51311,0
29773,1
60224,1
46784,1
25013,0
61383,0
61131,1
3446,1
5454,1
16550,1
17549,1
16818,1
45464,1
3479,0
60744,0
38624,1
23617,1
32090,1
15999,0
8952,0
57844,1
6451,1
14645,1
13886,1
61640,0
5911,0
40829,0
59854,0
17342,0
53595,0
29232,0
58091,0
22556,1
40602,1
19601,0
38139,1
59174,1
6054,1
53406,1
54803,0
25827,1
56900,1
18188,1
30991,0
50509,1
37675,1
23466,1
61539,1
26627,1
32500,0
639,0
39202,1
60468,1
15232,0
3817,0
7845,0
16251,1
2803,1
21590,1
44798,1
17997,1
29182,0
32571,1
40079,1
37724,1
32549,1
23858,1
49237,1
19585,0
57838,0
57216,0
16456,1
44210,1
48137,1
41400,0
3605,0
34465,1
37863,0
18719,1
20113,0
8920,1
362,0
50663,1
48853,0
61592,1
39037,1
25042,0
45740,0
2877,0
11719,0
52941,1
20445,1
16824,1
58856,1
54175,1
40890,0
19321,0
7308,1
23761,0
41495,0
46212,0
25285,0
39977,1
28711,1
48077,1
53911,1
43443,1
16010,0
28630,0
35983,1
14841,1
5735,1
29303,0
35921,0
56136,1
3528,0
3310,1
8151,1
59006,1
44472,1
6385,1
33128,0
3182,1
10644,0
29187,0
41765,1
51486,1
19951,1
10991,0
35757,0
30071,0
38939,1
30402,0
18493,1
21958,0
59906,0
41674,1
31684,1
11365,1
50932,1
55297,0
15386,1
29313,0
3095,0
34462,1
14908,0
27889,1
8980,0
46711,0
36696,1
22163,1
22378,1
6164,0
11507,1
20899,1
7386,1
12219,0
6739,1
9637,0
52588,1
51559,0
17223,1
27932,1
5595,0
640,1
16615,1
13387,1
50918,0
54646,1
30744,1
16671,1
7624,1
29599,1
36844,1
56809,0
6955,1
18718,1
50409,1
6159,1
20847,1
49796,1
5459,1
47899,0
31430,0
61526,1
16785,1
24321,0
59796,1
56794,1
20355,0
11662,1
46901,0
54395,0
23118,1
20894,0
16598,1
48755,1
35141,0
21881,1
34269,1
51510,1
24480,1
52358,1
20283,0
60104,1
26010,1
21953,1
44978,1
10824,1
13824,1
44017,1
45254,1
22035,1
9184,0
32889,0
40987,1
1808,0
57993,1
61547,1
13326,1
13835,1
36333,1
45106,0
278,1
47513,0
10206,1
57813,0
61601,0
23064,1
43628,0
15673,1
31446,0
12754,1
61435,0
3883,0
27541,0
36459,0
15143,0
19500,1
51333,1
35087,0
32044,0
14290,0
53714,1
51631,0
30243,1
56461,1
18817,1
45388,0
30767,1
41050,1
15432,1
46776,1
37435,1
41641,0
28288,1
24364,0
26755,1
50382,1
21562,1
42480,1
16694,0
30468,1
4098,1
58308,1
48329,1
54473,1
45157,1
637,1
14755,1
18135,1
47499,0
32348,0
10281,1
21208,0
29436,0
48278,1
3911,0
39137,0
12400,0
23399,0
16784,0
53895,1
19888,1
56267,0
16726,1
3941,1
37981,1
54111,1
47997,1
23609,1
26602,0
31811,1
21894,0
5369,0
32485,1
10011,1
55920,1
32692,1
47953,1
15297,1
4586,1
61331,0
53844,1
56843,0
22598,1
1830,0
34041,1
37350,1
56714,1
47728,1
52004,1
42492,1
7862,1
48570,0
20638,0
38903,0
27060,1
53984,1
37770,0
58007,1
43546,1
26079,1
38692,0
46185,1
17962,1
40053,0
7484,0
7795,1
35024,0
58699,0
50088,1
14926,0
59693,1
28380,0
60893,1
60327,0
4084,0
7643,1
15104,1
49574,0
50433,1
17080,0
57484,1
56907,1
43968,0
43386,1
12111,1
57768,1
16185,1
46714,1
31377,1
9220,1
2377,1
41709,0
31359,1
42958,0
5132,1
24746,1
46838,1
3374,0
5135,0
45014,1
51796,1
13471,1
41851,1
53662,0
52934,0
19559,1
16530,0
10045,1
61126,1
3750,1
12359,1
33031,1
24148,1
39910,1
58068,0
136,0
4879,1
27486,1
47637,1
47611,0
61020,1
37076,1
42176,0
24482,1
38143,0
36824,0
23397,1
58501,1
25448,1
37642,0
47221,1
51437,0
61275,1
23935,0
21083,1
21169,1
58533,0
42457,1
5323,1
52540,0
13850,1
29945,1
15569,0
40648,1
21300,0
40928,1
39422,1
7239,0
39131,1
43347,0
7225,1
11279,0
60780,1
38713,0
28064,1
31333,1
14840,1
30847,0
47595,1
12633,0
6252,1
13813,1
365,0
20166,0
13077,0
37624,0
52923,1
40767,1
34735,1
49747,1
13292,1
21336,0
1089,0
47998,0
16346,1
38433,0
1062,0
48514,0
53640,0
15410,1
54108,1
46722,0
56376,1
11082,1
47312,1
41688,1
60689,1
22589,1
52354,1
5824,0
31315,1
43877,1
39839,1
32060,1
30227,1
15572,0
12113,1
7353,0
48915,1
13997,1
46635,0
12888,0
1421,1
29727,1
39465,1
17217,0
54136,1
25264,0
6003,1
1371,1
9823,1
17719,1
20248,1
43217,1
56822,1
12669,1
61387,1
50911,1
50610,0
59019,1
59200,1
49573,1
61602,1
28085,0
35490,0
54630,1
16525,1
58794,1
28471,0
24334,0
14873,0
30980,1
14624,0
24488,1
1708,0
40003,0
53384,0
43477,0
47415,1
19161,1
23883,1
17426,1
40022,1
27963,1
35935,0
38770,1
25078,1
45939,0
56819,1
37651,1
9651,0
57954,1
43862,0
1578,1
56254,1
58935,1
13496,1
11140,1
38247,0
34656,0
52337,0
12694,0
36295,1
48808,1
37208,0
30821,0
41779,0
15658,1
41669,0
43202,0
41895,1
5559,1
50677,0
7992,1
59316,0
13248,1
59008,1
23884,0
559,1
55357,0
60303,1
43961,0
18502,0
17356,1
22335,1
27238,1
23764,1
2026,1
26586,1
1587,1
45529,0
3190,1
19419,1
39844,0
56725,1
4367,1
3162,1
37126,0
59059,0
13915,0
31539,0
38989,0
13495,1
57409,1
31282,1
4255,1
49197,1
53999,0
39807,0
21996,1
28229,1
23350,0
49680,1
4486,0
60436,0
17681,1
36849,0
23917,0
16778,1
2745,1
55924,1
60779,1
30959,0
8434,1
16742,1
329,1
7037,1
34542,0
25993,1
20954,0
28743,0
53323,1
43135,0
8561,0
59896,1
52303,1
34801,1
39735,1
45941,1
55954,1
112,1
2941,0
48103,0
19095,1
14567,0
20331,1
61374,0
41862,1
15867,1
35614,1
30551,1
43380,1
60204,0
6624,1
9032,1
15844,1
24511,1
35753,1
2742,1
43048,0
8303,1
50884,1
43000,1
14641,1
12011,0
33084,1
43631,0
14658,1
47564,1
58228,1
36891,1
57945,1
58210,1
42377,0
9491,0
52202,0
53483,1
42046,0
14011,1
26563,1
29688,1
36043,1
1737,1
30171,1
47668,1
35431,1
61830,1
8608,1
8597,1
25022,0
6749,1
23324,1
22020,1
58810,1
19493,1
8232,0
28795,0
47674,1
60795,1
5776,0
61283,0
21129,1
26580,1
33528,0
47643,1
18515,0
50719,1
42248,1
52469,1
59994,1
49,1
31829,0
1452,0
41804,1
57809,1
30494,1
37227,1
53383,0
15561,1
24536,1
39268,1
49122,0
36869,1
56329,1
41650,1
49507,0
29085,0
14271,1
54532,0
37509,1
48962,0
673,0
6843,0
40209,1
52750,0
60512,1
10449,0
39142,0
34108,0
43291,1
30393,1
60503,1
45926,1
4072,1
8425,1
22823,1
30798,1
47908,0
39859,1
10174,1
46401,1
44636,1
13588,1
9749,1
43866,0
34183,1
33420,0
46170,1
44375,1
52785,0
55610,1
51662,0
3819,1
5681,1
42264,1
50006,1
53151,0
49405,0
19551,1
20597,1
1884,0
25786,1
20998,0
1664,1
27175,1
35132,1
15502,1
5867,0
60040,1
37041,0
10302,1
32117,1
52899,1
52688,1
41790,1
50479,1
29620,1
14523,1
57091,0
11080,1
45760,1
41964,0
31494,1
59770,1
26941,0
54215,0
59882,1
10724,1
41002,1
14470,1
751,1
57170,0
51069,0
12561,0
47050,0
12820,0
45291,1
25249,1
60397,1
35520,1
28019,1
22153,0
51678,1
19170,0
45474,0
47062,1
50115,1
55750,1
45333,1
1455,1
24038,1
41978,1
3397,1
35948,0
22216,1
53427,1
6671,0
17522,1
57386,0
13221,1
15113,1
8282,1
57862,1
46177,1
36419,1
4029,1
16436,1
59684,0
3862,1
1988,0
2227,1
25626,1
53656,1
60286,1
31461,0
22262,0
60299,1
5269,1
22520,1
60997,1
20536,0
35377,1
3289,1
30454,0
11826,1
10979,0
38505,1
36355,1
21339,0
1055,0
41350,0
41984,1
16217,0
37541,1
41025,0
48020,0
541,0
37602,0
2427,0
51265,1
6811,0
58946,1
13728,1
27751,1
45348,1
906,1
36677,1
53754,1
6505,0
57477,0
58269,1
42977,1
58996,0
2204,0
48163,1
29485,1
50526,1
17249,1
18173,1
8122,1
43013,0
1865,1
49066,0
17437,1
18738,1
49915,0
59826,0
22828,1
4006,0
13565,0
57195,1
29297,0
59289,0
7333,1
33256,0
41890,0
12691,0
46047,0
4078,0
6838,0
54717,1
19652,0
22998,0
29686,1
55469,1
9790,1
12045,1
23897,0
2170,1
40882,1
10095,0
33812,1
31604,1
11673,1
4724,1
34131,1
40269,1
50081,0
5909,1
33043,1
14421,1
10547,0
55541,1
59405,0
40486,0
27142,0
57370,1
31521,0
50837,1
17309,1
59844,1
47906,0
47421,1
61240,1
50203,1
56346,1
43356,1
4323,0
58178,1
33193,1
3560,1
1395,1
45381,1
9135,1
40722,0
24923,0
47706,1
4354,1
26382,1
8547,1
52866,1
43492,0
11461,1
38576,0
36541,1
26015,1
61427,0
51620,1
17956,1
51494,1
25974,1
24547,1
59396,0
15761,1
46523,0
46090,1
11216,1
35869,0
1724,0
50079,1
20718,0
27031,1
31737,1
28890,0
59155,1
9642,1
35348,1
52447,1
4867,1
14938,0
56598,1
25588,1
18278,1
1123,1
47287,0
54089,0
52769,1
58532,0
47808,1
23214,1
6917,1
23504,1
48348,1
11093,1
41971,1
18404,0
13968,1
52758,0
57817,1
33743,1
46950,0
34109,0
4431,1
47644,1
29694,1
45426,1
15388,0
3339,0
25534,0
27464,1
47989,1
16761,0
58596,0
28237,1
39418,0
27250,0
22334,1
37992,0
16980,1
43407,1
52329,1
54426,0
43080,0
44819,1
54997,1
40002,1
28272,0
17104,1
43959,0
31027,1
20354,0
5262,1
25224,1
45224,1
7818,0
39567,0
3987,1
50528,1
47804,1
56367,1
17597,0
27423,0
54038,0
572,1
36129,0
32478,1
54956,0
8382,0
55775,0
60688,1
33785,0
45741,1
23246,0
11641,1
5518,0
57651,1
130,1
35145,1
21217,1
6946,1
50153,1
24151,0
12781,1
18330,1
34611,1
36691,0
24187,0
57536,1
48544,1
41939,1
40893,1
4647,0
34539,0
32171,1
14032,0
47675,0
5385,1
35745,0
46181,1
14065,1
57330,0
14748,0
17195,1
52802,1
19271,1
45712,1
33730,1
1430,0
31612,1
2380,1
49401,0
17530,0
31594,1
46966,1
11437,0
16831,0
40967,0
27488,1
60260,1
60822,1
30735,1
59732,1
49517,1
4107,1
61954,1
28008,1
9475,0
12416,1
57106,1
36559,1
4092,1
34917,0
43770,1
51937,0
26734,1
52674,0
3430,1
2060,1
13634,1
56998,0
16274,0
38488,1
18823,1
44943,0
51987,1
26979,0
46330,1
54367,1
49311,1
24353,1
4764,0
250,1
51823,1
50020,0
5750,0
61429,1
30143,1
12925,1
4983,0
53489,1
15706,1
8018,1
36487,1
16297,1
61992,1
52605,1
32331,1
60290,0
59453,0
60898,1
37455,0
27183,0
40994,0
4071,1
52675,0
26067,0
56300,0
42444,0
26671,1
37000,0
55722,1
21364,1
61094,1
8060,0
60434,1
49387,1
54621,1
46618,1
43489,1
30789,0
15557,0
2542,1
30354,1
54493,0
20386,1
39509,1
60760,1
28105,1
58939,1
2831,1
59034,1
52869,1
40370,1
11723,0
39551,1
58783,0
20560,1
38375,1
28637,1
47613,0
60369,1
52713,0
56290,0
15319,1
7851,1
29011,1
14699,1
53525,1
42597,0
41450,1
60128,0
54959,1
61322,1
41293,1
19121,1
53062,0
29658,0
26233,0
52015,1
28777,1
54419,1
17161,0
1906,1
23967,1
27044,1
58267,1
9322,1
37530,1
43382,1
11694,1
50336,1
36745,1
44526,1
48525,0
21233,1
7745,1
41972,0
2943,1
33446,1
25909,0
39760,1
902,1
7820,1
6935,1
8828,1
35977,1
31204,0
10652,1
44224,1
32178,0
19139,0
61730,0
40483,1
12033,1
7360,0
41863,1
55107,0
18428,1
46955,1
53096,0
39447,1
4993,1
33494,1
22693,0
46187,0
19999,1
5881,1
59940,0
15489,1
14551,0
16896,1
47821,1
54356,0
59456,0
14199,0
22044,1
38755,1
3854,1
3888,0
17244,1
34922,1
1962,0
17599,1
843,0
40974,0
2621,0
53985,1
52169,0
44459,0
3881,1
21989,0
20951,0
36964,0
33497,1
10434,1
47885,1
19955,1
27181,1
61112,1
48657,1
38799,1
42,0
45201,1
33329,1
32199,0
33362,0
50740,1
27335,1
8643,0
30510,1
44697,1
26553,1
27088,0
44887,1
60905,0
28982,1
30898,1
43876,1
26701,1
44013,1
53089,1
5635,1
47225,1
18811,1
19156,0
11592,1
53528,1
24989,1
367,1
10119,0
54773,1
214,1
61100,1
36442,1
46413,1
17977,1
46421,1
46802,1
37346,1
34080,0
33813,0
12077,1
22789,1
19126,1
33249,0
45566,1
21152,1
48638,1
40239,1
3225,1
59724,1
14425,0
53718,1
36389,0
53676,1
26589,0
58285,1
53156,1
59595,0
14027,1
13126,0
14250,1
20949,1
47591,0
55851,1
55812,0
12438,0
38730,0
1544,0
14406,1
11145,1
18320,0
44437,1
19602,0
56408,0
9693,1
20155,1
24399,0
15828,0
50905,1
59672,1
19910,1
5905,0
47883,0
37218,1
40410,1
17756,1
9128,1
8226,1
30437,1
42957,1
1868,0
49922,0
8199,0
47559,0
2733,1
38599,1
45035,0
61698,1
44359,1
15823,1
2881,0
45229,1
12118,1
57299,1
12594,1
23187,1
31389,1
45195,0
24721,0
49615,0
6197,1
9016,0
39439,1
12675,1
41574,0
58275,1
59856,1
5090,1
980,1
36730,1
11285,1
36085,1
2071,0
29360,1
23956,0
34639,1
5553,1
55973,1
45903,0
27552,0
55054,1
49705,1
18854,0
45635,1
55090,0
36542,1
31443,1
36496,1
30948,0
28578,0
40492,1
12104,1
56762,0
49020,1
4779,0
59868,0
20532,1
5366,0
61278,1
20469,1
35452,1
50890,1
21430,1
35720,1
43036,0
3923,0
32380,1
48886,1
22061,1
35423,1
14397,1
45992,0
5859,0
3354,1
15545,0
22720,1
11617,1
47724,0
49552,1
20482,1
59952,1
8198,1
50134,0
56381,1
10754,0
4661,0
46022,1
58419,1
17229,1
47307,1
2580,0
30125,1
8824,0
42241,0
33216,0
2078,0
50233,0
33452,0
47263,0
25707,1
54584,1
34447,1
30209,0
24753,1
29870,1
44235,0
19795,0
18772,0
252,1
17767,1
2611,1
31020,1
34281,1
361,1
20396,1
60149,1
42669,0
54921,0
58954,1
33868,1
31696,1
59048,1
9079,0
13247,1
4345,1
4102,0
50975,1
57848,1
18092,0
58195,1
60109,1
23234,1
9923,1
30815,1
54213,1
42574,1
16284,1
40521,0
31371,0
58729,0
1384,0
32311,1
22106,0
20695,1
25876,1
25471,1
45693,1
15836,0
45705,1
30146,0
10756,1
39866,1
26208,1
43596,1
40731,0
19069,1
3100,0
35772,0
17766,1
59480,1
11651,0
37774,1
41397,0
4857,1
40190,1
56256,1
17404,1
24528,0
59596,1
41470,1
23153,0
6842,1
33166,0
9849,0
48196,1
51541,0
12240,1
43315,1
24711,0
11894,1
23109,1
4715,1
53163,0
8011,1
32030,1
55088,0
59738,0
2014,1
33912,1
25636,1
49999,0
408,1
10723,1
25283,1
40567,1
15840,0
47024,1
60658,1
49607,1
32238,0
31339,1
24206,1
1159,1
31081,1
579,0
45870,0
19200,1
43855,0
35684,0
8473,1
15126,0
9664,1
24344,1
34271,1
55896,1
29574,0
44425,1
472,1
3836,1
24243,1
24763,1
51255,1
16858,1
53184,0
44109,1
34733,0
11121,1
784,1
20579,1
59280,0
55995,1
49491,0
13775,1
35448,0
3965,1
54588,1
4411,0
20326,1
49394,1
39407,1
28920,0
59983,0
44539,0
24436,1
52663,1
55451,1
52537,0
8298,1
16603,1
34590,0
30687,0
17851,0
20052,0
56932,1
57526,0
33113,1
36604,0
52821,1
44465,1
34638,1
57861,1
40333,1
5974,1
13671,1
3165,1
4888,1
42679,1
19074,1
52134,1
29960,1
21221,0
25152,1
14513,0
32106,0
706,0
60460,1
51258,1
31271,1
8832,1
18376,1
5764,1
36680,1
11831,1
56128,1
6184,0
14872,1
42233,1
4198,1
2828,1
31177,0
42117,1
41975,1
28557,1
3943,1
38003,0
4858,0
2970,1
22866,0
58012,0
45563,1
23675,1
33345,1
30495,1
43494,0
58660,1
26186,1
23659,1
54309,0
25921,0
18204,1
32475,0
9377,0
35949,1
17036,0
37383,1
48126,1
47721,1
25397,0
49631,1
19060,1
53017,1
39022,0
46278,0
10347,1
22515,1
54123,1
35941,1
47601,1
56027,1
30548,0
34757,0
50161,1
45957,0
29778,1
60413,1
13192,1
615,1
8930,1
54242,0
45890,0
36908,1
47967,1
15722,0
27803,1
51876,0
23450,0
3993,1
6642,1
43792,1
7462,0
2920,1
51955,1
54259,0
9018,1
34935,1
48927,1
53049,1
44250,1
54168,1
46592,1
17258,1
4437,0
54021,1
44727,1
10932,0
28090,0
20071,1
56030,1
37287,1
42887,1
36979,0
5985,1
1376,1
47247,0
16777,1
81,1
4379,1
26481,0
12616,0
33670,1
48789,1
20050,1
26045,0
10096,1
51453,1
28617,1
17712,1
19349,1
38849,1
17310,1
9352,1
11602,1
14487,1
46824,0
17987,1
47917,1
33203,1
10432,1
48286,1
29006,1
44320,1
56039,1
51365,1
40530,1
31944,1
46271,0
27350,1
17542,1
60874,1
59730,0
54525,0
41547,1
59670,1
7124,1
20472,1
1349,1
3986,1
54714,1
38754,0
31007,1
23404,1
10154,0
4813,0
58320,1
30107,1
34605,0
50061,1
7726,0
20418,0
34970,1
7397,1
59199,0
27497,1
35682,1
537,1
50249,1
4325,1
19881,0
16667,1
10499,1
30341,1
13137,1
51996,1
41806,1
15201,1
43050,0
34260,1
31504,0
3556,0
34503,1
48664,1
50788,0
43103,1
17899,0
14497,1
11002,0
53923,1
19698,0
26782,0
5280,0
36181,0
57635,0
12878,0
14733,1
44868,0
48300,0
56369,1
57178,1
5456,1
48862,1
26441,0
32775,1
31861,1
48758,1
18151,0
17622,1
43555,1
46677,1
33665,0
793,0
20315,1
52387,0
29357,1
61932,0
22047,0
19808,1
42572,1
24534,1
61763,0
1885,0
2388,1
16234,1
42900,1
44001,1
45478,1
8440,0
50927,0
15245,0
58072,1
58415,0
31555,0
40642,0
2741,0
44551,1
37571,0
2424,0
43054,1
40654,1
52,1
8571,1
26007,0
6211,1
1208,1
22150,1
53013,0
4748,1
18263,0
26540,1
19054,1
11120,1
59432,0
20968,1
13118,1
34283,0
46198,0
43677,1
21261,1
3938,1
59122,0
3429,0
59916,0
42105,1
31267,1
41716,0
1720,1
895,1
40075,1
17363,1
15801,1
52490,0
21057,1
41233,0
256,1
20895,1
57428,0
26051,0
8719,0
31633,0
61969,1
22238,1
58445,0
13608,0
47147,1
41876,0
6657,0
26261,1
12779,1
18839,1
8009,1
55333,1
59248,1
8426,1
13136,1
29675,0
2659,0
11927,1
25201,0
14082,0
46280,1
24209,1
19436,1
11721,1
17284,1
12812,1
61585,0
24594,1
1911,1
1226,0
20673,1
48145,1
39208,1
46082,1
12889,0
55017,1
60844,0
23933,0
55635,1
23349,1
24340,0
52631,1
22287,1
25000,0
10582,1
957,0
4526,0
47439,1
20368,0
56335,0
54889,1
26588,1
221,1
2758,1
3121,0
52955,1
28323,1
12813,1
13691,1
25888,1
28871,1
17032,1
33891,0
61764,1
44262,1
46046,1
21550,1
45343,0
56356,1
14854,1
23936,1
30593,1
39648,1
4494,1
57663,0
38632,1
39606,0
17820,0
22022,0
45460,1
21154,1
40142,1
17276,1
25053,1
53178,0
3707,1
31342,1
46440,0
53750,0
25501,1
48819,1
15335,1
865,1
31092,0
24994,1
15463,1
6045,0
41979,1
6320,1
43384,1
48264,1
18378,1
40072,0
27534,1
36093,1
39625,1
38610,0
40090,0
61834,0
39947,1
13050,0
42041,0
49830,1
58035,1
32257,1
5578,1
24972,1
2475,0
9731,1
42226,1
43972,0
25001,1
19462,1
19773,0
32686,0
52985,0
3668,1
43439,1
1102,0
7171,1
11046,0
55105,1
20110,0
50883,1
52542,1
10085,1
10100,1
60480,0
5373,0
30799,1
25265,0
29347,0
17318,1
44581,1
9490,1
11937,0
11916,0
32693,1
44528,1
31896,0
36967,1
39730,0
27572,1
41369,1
61528,0
20780,1
53188,1
5027,0
47112,1
61965,0
8548,1
42171,0
61485,0
24968,1
49466,1
25484,1
58400,1
16362,0
37882,0
20087,1
34044,1
31840,1
30682,1
32834,0
33631,1
1738,1
4621,1
25041,0
33387,1
19920,1
34837,1
61669,1
42225,1
42065,0
7192,0
3873,1
24843,1
28463,0
27182,0
7679,1
3221,0
3983,1
21944,1
10008,0
16067,1
6867,1
22197,0
44024,1
29381,1
7734,1
37449,1
26808,1
61696,1
23710,0
16851,0
31877,1
46453,0
34130,1
47297,1
54347,1
2455,1
19865,1
49086,1
27879,0
23924,1
9847,1
57049,0
8031,1
57576,1
49957,0
33862,0
59227,1
8653,1
48377,1
34873,1
32729,0
28097,1
26080,1
54248,0
28425,0
10760,0
43619,1
7474,0
12070,0
23357,1
57855,1
54157,1
20827,1
2457,1
14300,0
36096,0
24830,1
33486,1
47847,1
44477,1
39554,1
29936,1
4685,1
39472,1
28337,0
13765,1
23899,1
31563,1
51350,1
23760,0
10289,1
51070,1
291,0
8856,0
48826,0
56641,1
35862,0
29164,1
26776,1
26837,1
4340,1
15363,1
21323,1
28046,0
51018,0
50640,1
48832,0
57740,0
5312,1
33537,1
13331,1
27661,0
58598,0
28198,1
30051,1
11476,1
17824,1
61971,1
32015,1
9058,0
41102,0
1341,1
3047,1
31859,0
12451,1
26346,1
10968,1
26020,0
5278,0
16687,1
43245,1
52637,1
22671,1
40926,0
27817,0
43501,1
24348,1
26675,1
32437,0
39110,0
10561,0
52188,1
3587,1
58817,0
50559,1
40573,0
39492,1
31025,1
14174,1
14669,1
22937,1
12910,0
45379,1
45824,1
37983,1
45611,1
22871,0
42508,1
22713,1
15087,1
9389,1
53688,1
36194,1
10039,0
16564,1
58113,1
10469,0
22360,1
54725,1
19254,0
42493,1
514,0
1377,0
44125,0
44867,1
55087,1
54051,1
43254,1
11896,1
1213,1
40452,1
46065,1
58505,0
38992,0
41644,0
56425,1
20828,1
53879,1
2924,1
61590,1
14973,1
56489,1
44286,1
49537,0
31931,1
39106,1
57578,0
59970,1
33761,1
60805,0
48595,1
28264,1
61987,0
36530,1
44136,1
18065,1
28201,1
58684,1
40681,1
604,0
5138,1
40394,1
9526,1
36655,1
31918,1
7475,1
9440,1
19029,1
61529,1
51198,0
31468,1
57246,0
32476,1
14602,1
36383,1
6950,1
16365,1
3889,0
7135,0
23779,1
38814,0
48901,1
33549,0
31130,1
53529,1
16712,0
42605,0
1346,1
11397,0
13684,0
32674,0
36198,0
22864,1
51899,1
54201,1
52368,1
43938,0
56212,0
39289,1
11042,0
36167,0
53319,0
15671,1
5995,1
4043,0
56530,1
48035,1
12501,1
17084,1
15446,1
16898,1
43675,1
57974,0
31357,1
6925,1
41316,1
49206,0
7283,1
24242,1
50387,1
23530,1
21297,1
6983,1
21611,1
40669,0
19432,1
24395,0
23639,0
42437,0
33290,1
33911,1
32975,1
58979,1
8137,0
55344,0
58094,1
27798,1
31083,1
34578,0
10407,1
49974,0
19809,0
36860,1
13706,1
57901,1
9430,1
45091,1
5650,1
46050,0
21238,1
60229,1
60189,1
57761,1
36177,1
50401,0
31988,1
21051,1
32395,1
27299,1
34950,1
11320,1
6153,1
56558,1
42442,1
50394,1
5558,0
51356,1
42509,0
4388,1
46045,1
43536,1
49634,0
46549,0
18333,1
13542,0
5754,1
31388,0
37842,0
51943,1
28652,1
47905,1
40899,1
27437,0
50292,1
38573,1
42566,1
56720,1
18666,1
29896,1
48824,1
26195,1
48991,1
25722,1
33606,1
16914,1
35449,0
14745,1
51979,1
44032,0
31057,1
24886,0
38802,0
42633,0
26888,0
47951,1
23335,0
46465,1
30207,1
15361,1
9324,1
36545,0
15804,1
30896,0
34748,1
23193,1
38741,1
8336,1
52807,0
58009,1
15187,1
52440,1
31321,1
8066,0
7675,0
61187,1
13109,0
37540,0
19469,1
10872,0
33499,0
7299,1
28163,0
57272,0
16161,1
16839,1
41219,0
7979,1
5177,1
36175,1
54844,1
37884,1
51841,0
47450,1
61297,1
55825,0
17724,0
6791,1
2748,0
30394,1
40270,1
18005,0
13105,1
39306,0
46446,0
8196,1
50058,0
61543,1
5882,1
21864,1
34958,0
41840,1
44804,1
22336,0
34406,1
49767,1
33844,1
31972,1
1303,1
17308,0
3009,1
18684,1
57812,0
31323,0
27169,1
52977,1
5283,1
16338,1
49838,1
61224,1
49004,1
41473,1
55286,1
20294,0
36658,1
47466,1
28041,1
23034,1
9531,1
43763,1
4056,1
44337,1
2134,1
2912,1
11892,1
22362,1
19123,0
55794,1
7523,0
36408,1
8001,1
47973,0
25424,1
8242,0
34554,0
27397,0
6916,1
33795,1
17112,1
27638,0
47422,1
22032,0
47012,1
35079,1
39840,0
11886,1
55659,1
56836,1
36562,0
15864,0
36193,1
13738,1
5832,0
47571,0
60020,1
9414,1
21040,1
51285,1
51185,0
31283,1
60727,0
40344,0
10367,1
22355,1
24337,1
48607,1
29073,0
27450,1
5020,0
9300,0
34258,1
33246,1
33451,1
59975,1
42575,0
2029,1
60344,1
32579,1
34933,0
13665,1
47966,1
17923,1
5225,1
52545,1
1013,0
19599,1
14675,1
2660,1
34486,0
1186,1
42060,0
27975,0
10605,1
58744,0
52666,0
57010,0
9988,1
7347,0
2700,1
20263,0
39496,1
26163,1
13112,0
17474,1
22647,1
16303,1
54036,0
12803,1
1759,1
12659,1
22393,1
1403,1
18149,1
29091,1
36770,0
9696,1
55097,0
22164,1
36850,1
45908,1
60656,0
41986,0
56990,1
38468,0
951,1
43321,1
57396,1
28077,1
24252,1
60675,0
4719,1
11037,1
61963,1
61294,0
10731,0
53603,1
34683,1
53711,1
20415,1
33864,1
47746,0
16409,1
39219,0
30317,1
23446,0
32708,1
33715,1
207,1
24109,1
53545,1
8433,1
29193,0
49196,1
23678,1
6257,1
34453,0
21644,1
19607,0
28396,1
61092,1
4605,1
40215,1
54396,1
1098,1
47268,0
47129,1
55687,1
5474,1
37605,0
26892,1
43973,0
13115,1
33400,0
6967,0
42743,0
39998,1
32737,1
39560,0
28710,1
51910,1
17088,1
27434,0
56244,1
47857,1
12428,1
37812,1
10473,1
8727,1
14023,1
11554,1
45243,1
13075,1
60078,0
5398,0
54692,0
5645,1
16459,1
6432,1
21904,1
49877,1
46303,0
53743,0
56063,0
11139,1
5058,1
48718,1
31440,0
38062,1
2119,1
22453,1
36605,1
9840,1
27863,0
22376,1
151,1
44345,1
41836,1
12138,0
13058,1
48169,1
36910,0
5163,1
26344,1
30792,1
15493,1
34710,1
4772,1
9991,1
37956,1
2998,0
22737,1
10504,1
22444,0
51243,1
13787,1
38589,1
1524,1
13870,1
53634,1
49180,1
58863,0
31682,0
61693,1
60273,0
39494,0
56069,1
59705,1
8163,0
13169,1
36008,1
44871,1
48994,0
11226,1
20946,1
3218,1
8015,1
51525,1
13863,1
39082,1
57793,1
993,0
27896,0
16014,1
7751,1
10853,1
35467,1
45179,1
23963,1
45582,1
6731,1
34541,0
59153,0
60297,1
651,1
3567,1
5543,0
51932,0
46644,1
14950,0
38739,0
53839,0
15703,1
46228,0
54744,0
55997,0
32714,1
60877,1
48722,0
39152,0
13846,1
5888,0
43532,1
23885,1
26514,1
39543,1
13837,1
10701,1
35849,0
51062,1
51774,1
10321,1
61553,1
43908,1
33111,0
35425,0
54230,1
23824,0
58367,1
27784,0
9317,1
9487,0
44665,0
89,0
29178,1
48693,0
2695,0
16323,0
26811,0
43666,1
10028,1
17866,1
49235,0
43834,1
38255,0
9026,0
4725,1
3152,1
52603,1
15177,1
28731,1
41880,1
49106,1
57288,1
17710,1
20254,0
16464,0
60586,0
38403,1
51568,0
38165,1
32201,1
2177,1
30506,0
7803,0
17737,1
47322,1
11040,1
59728,1
17063,1
40229,1
53349,1
11917,1
34263,1
51882,1
19877,0
1777,0
1211,1
54663,0
27430,1
38381,1
51192,1
56132,0
53167,1
50416,1
42692,0
54484,0
10185,1
6028,1
36452,1
56929,0
30865,1
14308,1
10187,0
44977,1
50662,1
35156,1
27727,1
46848,1
61108,0
11561,0
33250,0
14959,1
60459,1
45545,0
2804,0
24263,0
40755,0
57056,0
7055,1
41711,1
41631,1
42004,0
2811,0
49686,1
16941,1
15741,1
30466,1
50980,1
53299,1
41234,0
51207,1
22270,1
46931,1
42375,1
3146,1
26890,0
4285,1
46494,0
35676,0
52497,1
480,0
11409,0
6898,1
58800,1
13692,0
13855,0
14984,0
61723,1
25294,0
7701,1
32660,1
27882,0
14400,0
15415,1
38873,0
18751,0
7179,1
8676,0
5170,1
15501,1
13632,1
34244,1
59757,0
3084,1
45530,1
56312,1
14153,1
18536,0
2986,0
53502,1
13603,0
58875,1
8143,0
7432,0
39752,1
16734,0
56104,0
2780,1
8509,0
35846,1
11135,1
52417,0
55574,0
21359,1
26185,1
27038,1
29434,1
30558,0
26499,1
18949,0
31099,1
57005,1
14836,0
35456,0
10086,1
10974,1
48151,0
58355,1
21701,0
49807,1
19222,0
48249,0
7109,0
60475,1
53921,1
59682,1
22856,1
5791,1
28276,1
1948,1
53277,0
43285,1
25990,1
24317,1
33292,1
58418,1
14838,1
47680,1
1667,0
53344,1
50973,1
41555,1
10747,0
22064,1
22434,1
44912,0
38486,1
9669,1
746,1
4838,0
19879,1
28204,0
7305,1
53857,0
6423,1
40694,0
36639,0
2956,1
29900,0
11399,1
37184,1
37078,1
28287,1
61868,0
55788,0
7517,0
43996,1
22450,0
57788,1
52570,1
10046,1
29925,0
241,0
50812,1
12134,0
49218,0
17418,1
18535,1
7910,1
14108,0
59564,1
39946,1
46445,0
56752,1
24493,1
29524,0
40523,0
6082,1
11691,0
16932,1
18943,1
46286,0
11779,1
61802,0
22833,0
52364,1
22288,0
48883,1
42211,1
38087,0
41774,1
47227,0
23419,1
15898,1
56479,0
8395,1
3974,1
22836,0
7314,1
37957,1
9708,0
43088,1
10938,1
14374,1
6039,1
29593,1
61233,1
40071,1
10716,0
37325,1
40880,1
22740,0
6124,1
15978,1
25473,1
28625,0
42644,1
49978,1
5533,0
4987,1
60356,1
45548,0
41809,1
45876,0
60548,1
2910,1
18318,1
14251,1
52924,0
58489,1
6637,1
10076,1
35550,1
22874,0
45745,0
40611,1
52625,0
36174,1
25064,1
7173,0
36200,0
25539,0
46466,1
50441,1
54922,1
17562,1
17774,1
27772,1
1609,1
3035,1
12599,1
19935,0
16386,1
10733,1
6043,0
1769,1
22586,1
48003,1
37478,0
38826,1
51238,1
35577,1
58920,1
58585,0
46833,1
32561,1
51689,0
50224,0
191,1
18060,1
28094,1
49685,0
22013,0
12972,0
17204,0
49268,1
3379,1
34431,1
39079,1
9914,1
18293,1
49617,0
42780,1
8845,0
3530,0
32938,1
33004,1
39237,1
16854,0
52584,0
2113,1
54601,1
34011,1
10448,1
58310,0
46902,1
51993,1
24118,1
61913,0
30094,1
1622,1
10857,1
6245,0
53325,0
42661,1
60927,1
9281,1
16025,1
3666,0
24389,1
30784,1
30130,1
47199,1
36865,1
4319,0
57212,0
27358,1
48228,1
59714,1
6413,0
7414,1
58832,0
47345,0
39727,0
32176,1
42460,0
5943,1
31677,1
34083,0
23371,1
4121,1
127,1
34126,1
23534,1
31589,1
6102,0
50385,1
14213,1
32702,0
58303,1
41699,1
2496,1
47236,0
31497,1
8277,0
6262,1
8350,1
52031,1
60038,0
30226,1
54177,1
27953,1
22481,1
15345,1
10087,0
52044,0
44457,0
4811,0
32653,1
4414,1
59335,0
48079,1
26955,0
24227,1
8142,0
34136,0
10457,1
53868,1
35063,1
2531,1
48484,1
3655,0
51858,0
50116,1
14396,0
27910,1
21639,0
55872,1
8521,0
5817,1
58739,1
54240,0
38767,1
16945,0
23826,1
19289,1
13008,1
32215,1
50481,1
35045,0
22816,0
24841,1
12271,1
60610,0
9658,1
54140,1
48861,1
19558,0
37749,1
18957,1
61814,1
48745,1
38559,1
6580,0
24945,0
8921,0
1601,1
47096,1
54517,1
4639,1
41223,1
17649,0
5811,0
13675,0
53612,0
40613,0
45086,0
33740,1
38382,0
32956,0
33095,0
42416,1
59306,1
53425,1
16064,1
44513,1
31867,1
19310,0
1779,1
55573,0
16112,1
39475,1
55273,1
178,1
2955,1
10209,1
42371,1
26749,1
41058,1
49923,0
59015,1
42327,1
52591,0
20974,0
52988,1
8020,1
48821,0
41387,1
23429,0
54785,1
13036,0
30373,0
52324,0
46748,1
29957,1
44834,0
53234,0
10090,1
28255,1
44061,0
60889,0
44096,0
10336,1
43997,1
39883,1
49119,0
7778,0
49129,1
13412,1
23285,0
7114,1
39666,1
45974,0
35369,0
54878,1
36953,1
57096,1
38229,0
59769,0
40720,1
4900,1
12321,0
29245,0
61042,1
58543,0
1602,1
19953,0
55854,0
60463,0
11846,1
13342,0
31396,1
29854,0
60831,1
28750,1
11372,0
7959,1
50071,0
33468,0
14753,1
5983,0
27831,1
46004,1
47745,1
47919,1
34534,1
7672,1
17674,1
28456,0
52554,1
46182,1
52160,1
55647,0
48109,1
7590,1
8264,1
6139,0
54579,1
57832,0
48038,1
25045,1
27167,1
3396,0
49157,1
18280,1
13639,1
40230,0
15808,1
11092,1
44985,0
53083,1
38636,0
46416,1
255,0
25506,1
52359,1
48893,0
6233,1
30855,1
29858,0
10252,0
19482,1
52356,1
34660,1
25809,1
18033,1
61472,0
52384,1
52511,0
7617,1
34427,0
18078,0
48747,0
17940,0
8782,1
59195,0
58085,0
23237,0
13874,1
31930,0
56255,0
6129,0
59130,1
23256,1
7553,1
54737,0
36762,0
14932,0
14954,1
55214,0
56707,1
54762,0
42998,0
25463,1
51397,1
4170,1
37124,0
10140,0
29829,0
17022,0
38248,1
40365,0
854,0
13443,1
60281,1
885,1
37928,1
27994,0
54616,1
32634,1
31552,1
44759,0
3392,1
45615,1
29287,1
16429,0
40859,1
50069,1
7752,1
19606,1
47143,1
11900,0
23840,0
18016,0
10984,0
28067,1
49965,1
20300,1
47864,1
35738,1
38523,0
28740,1
5351,0
26415,0
47657,1
40181,1
4668,1
26046,1
5544,0
40579,0
57961,1
42235,1
57939,1
40808,1
24853,1
61210,1
810,0
35397,1
50415,1
32418,0
42768,1
58941,0
28703,1
38480,1
40484,1
45873,1
35346,0
9313,0
41013,1
32341,1
22805,1
22990,0
12909,1
61846,0
60241,0
35016,1
58160,0
11260,1
3855,0
58816,1
21312,1
10859,1
57160,0
13770,0
34615,0
46751,1
32784,1
37254,1
28450,1
36679,0
26318,1
49734,1
35559,1
47704,1
43378,0
6493,0
46877,1
23325,0
31961,0
14874,1
32175,0
6198,0
51890,1
652,1
41136,0
49604,0
40207,1
12720,1
29653,1
36201,0
13139,1
17581,1
24600,0
40261,1
44699,1
51267,0
38747,1
37753,1
57431,1
38775,1
5483,1
35058,1
40664,1
29847,0
3507,0
30377,1
44936,1
48107,0
41882,1
45164,0
52969,1
17231,1
21649,1
40177,1
24632,1
59794,1
58834,1
34701,1
5664,0
33774,1
32852,1
4775,0
61280,1
10566,1
38811,1
39035,0
46106,1
31664,0
57260,0
24141,1
22513,1
10660,0
23323,0
57444,0
42554,0
40441,1
34930,1
50937,1
28329,1
50857,1
20645,1
23222,1
55402,0
38172,1
38760,1
31731,1
19026,1
40524,1
50551,1
12661,1
50863,1
61508,1
21166,0
60520,0
60054,1
12517,0
22344,1
15708,0
57353,0
44742,1
43154,1
36955,0
5234,1
42996,1
23205,1
3664,1
50222,1
29369,1
15918,1
38782,1
34516,1
32667,1
19199,0
752,1
41176,1
60374,1
29254,1
24425,1
61600,1
56549,1
61349,0
50733,1
37524,1
12304,0
11474,1
46805,0
61373,0
38260,1
19455,0
56045,1
50131,0
55985,1
17985,1
31522,1
43444,1
26049,0
54514,0
45591,1
57897,0
59713,0
49714,1
30895,1
51906,0
54741,0
13515,1
20829,1
4395,0
30415,1
53803,1
41335,1
18290,0
10131,1
14165,0
51717,0
15028,1
14346,1
4017,1
43185,1
5418,1
58958,0
17092,0
15739,1
53691,1
21724,0
53133,1
5830,1
9366,0
47220,0
19850,0
22003,1
50354,1
25439,1
34318,0
27905,1
9103,1
43710,1
1891,1
40165,0
56219,0
29050,1
30147,1
19620,1
29424,0
28822,1
46333,1
48777,1
27074,0
28778,0
60574,1
59419,0
46489,1
32140,1
50974,0
52312,1
27666,1
25821,1
51381,1
60544,0
52074,1
42067,1
61736,1
877,1
35632,0
11562,1
14992,1
20503,0
51275,1
11467,1
51773,1
4227,1
40502,0
11996,1
48382,0
14146,0
47638,0
48697,1
52544,1
8907,1
2577,0
7083,1
15870,1
41867,1
29705,1
8646,1
52071,1
27768,1
59184,1
20529,0
30536,1
7879,1
45663,1
27777,1
57632,1
25461,1
13829,1
33190,1
39989,0
54431,0
58748,1
47788,1
41385,1
10900,1
32432,1
47364,1
38847,0
8169,1
12246,0
1498,0
51570,1
32246,1
52376,0
6503,1
46817,1
30116,1
45271,0
40844,1
413,0
23673,1
45194,1
49408,0
54854,1
18214,1
15478,1
14309,1
5221,1
35131,1
13636,0
50226,1
10373,1
1829,0
25997,1
55325,1
36672,0
15223,0
55319,1
16116,1
33998,1
21079,1
16538,1
7449,0
40813,1
10920,0
13933,1
54187,1
43161,1
10534,1
8021,0
2980,0
28863,1
11929,0
6569,1
59956,1
9394,1
14101,1
12815,1
45579,1
52668,1
21006,1
51301,1
26471,0
42651,0
25950,1
48844,1
38954,1
2515,1
48562,1
52057,1
42001,0
16369,1
58821,0
23605,1
14215,1
20065,1
26706,0
60660,1
27582,1
33139,1
15159,0
37834,1
11334,0
53398,1
40336,1
59999,0
42866,1
42350,1
59304,0
54244,1
8104,1
37917,0
1688,1
10424,1
42835,0
31833,1
53043,1
25984,1
37640,0
15334,0
55501,1
25948,1
35416,0
55443,0
47872,1
46216,0
54430,1
11351,1
42638,0
3410,1
27800,1
33612,1
27947,0
28239,0
40017,1
2222,0
14530,1
4986,1
60679,1
46460,1
49754,0
18910,0
43138,0
5761,1
8220,1
2490,1
27073,0
31032,1
12372,1
33503,0
2482,0
58520,1
30907,0
16475,1
17911,0
27132,1
30923,1
17593,1
53899,0
17984,1
4444,1
27609,1
2836,1
50211,0
23623,1
17765,0
12222,0
47100,1
39765,1
52066,1
29139,1
30575,1
38643,0
41791,1
26538,1
22892,1
12368,1
61194,1
57884,0
27587,1
33545,0
59920,1
2076,0
19970,0
28860,1
6133,1
7298,1
3401,0
25452,1
3917,1
24725,0
41648,0
49695,1
21147,0
45758,1
52283,1
25479,0
60739,0
25920,1
9581,0
32374,1
46911,0
11429,0
13365,1
58540,1
368,0
2426,1
32446,1
13700,0
57115,1
54748,0
28083,0
49586,0
28455,0
32496,1
20008,0
45776,0
57390,0
53686,0
55674,0
14635,0
14704,1
51554,1
51500,1
15401,0
47937,0
2812,1
30641,1
22832,0
20027,1
32611,0
28824,1
25960,0
24092,1
22328,0
55421,0
34277,1
50859,0
49602,1
12769,1
22008,0
16887,0
46253,1
21788,0
26343,1
32271,1
1443,1
52948,1
28826,1
42750,0
37536,1
61996,1
13437,1
4471,1
52375,1
28939,1
6575,1
57014,1
14668,1
25339,0
47420,1
60612,0
8197,1
52179,0
53805,1
34661,1
43225,1
36388,1
13998,1
20143,1
13524,1
45893,1
3015,1
20093,1
48926,1
21872,1
3471,1
55688,1
30306,0
51017,0
5927,0
43580,0
58211,1
24805,0
35181,0
2087,0
13499,1
54067,1
2769,1
31434,1
37603,0
36390,1
52622,1
46454,1
36988,0
56726,1
35455,1
25202,0
16012,0
41096,0
37641,0
1762,0
58469,1
42751,1
45182,1
26667,0
14659,0
511,1
33312,1
5015,1
15819,1
42166,1
6425,1
18476,1
12864,0
12738,1
44003,1
32415,1
29581,0
16155,1
18955,1
32001,0
15354,1
41028,0
51535,0
9608,1
57746,1
61874,1
35350,1
21063,0
45418,0
13503,1
16889,0
25098,1
56354,1
27279,1
5548,0
52093,1
12377,0
6253,0
10318,1
32050,0
13690,1
32851,1
26103,1
43251,1
31240,1
28174,0
1290,0
12274,1
45268,0
41982,1
13840,1
51548,1
56848,0
49823,1
20687,1
3445,0
39581,0
59546,1
32003,1
5438,0
52269,0
7084,1
45416,1
50534,0
24937,0
7152,0
24833,1
53015,1
28315,1
9791,1
49015,1
21148,0
40276,0
50887,1
5744,1
50490,0
14796,1
49125,0
39886,1
26248,0
48768,0
34903,1
27337,1
4755,1
27742,0
47153,1
30588,1
44090,1
7706,0
52629,0
19709,0
21466,1
34628,1
36962,1
47824,1
27583,1
29871,1
9811,1
9206,1
44695,1
8697,0
27878,1
60917,1
13040,1
61158,1
18547,1
51472,1
265,1
10725,1
40473,1
16268,1
38237,0
1362,1
27081,1
18998,0
36720,0
29159,0
24634,1
55106,1
33940,1
11839,0
14653,0
1561,0
27761,1
18312,1
34978,0
16750,0
4419,1
16072,1
37411,0
3351,1
48810,1
1545,1
11172,1
58044,0
11995,0
15552,0
47642,1
47952,1
35549,1
51576,1
3517,1
57994,1
31530,1
46147,1
53321,1
33905,1
17711,1
15383,1
23104,0
24718,0
21027,0
29197,1
51686,1
9054,0
32595,1
15471,1
26631,1
1875,0
32827,1
29312,0
52729,1
39303,0
41559,0
32637,0
31049,0
18229,1
58151,1
19969,1
7489,0
35875,0
53543,0
19022,1
40164,1
13246,1
58994,1
17865,1
7666,1
19208,0
4307,1
14249,0
21262,1
49304,0
23149,1
13347,1
30452,1
31116,1
11768,0
42132,0
5816,1
40971,1
8827,1
6807,1
14970,0
16182,0
25554,1
21919,1
11711,1
12475,1
14792,0
53741,0
56296,0
44714,1
51376,1
32862,1
354,0
19867,1
53679,1
59784,0
30008,1
54313,1
51371,1
30571,1
15874,1
61358,1
23341,1
22680,0
42215,0
13666,1
38673,0
18383,1
48308,0
16982,0
22928,1
25347,0
52296,1
48048,1
60120,0
51449,1
19344,1
58962,1
16140,1
50832,1
29586,1
15771,1
57278,1
40684,0
47782,1
14759,1
15718,0
49571,1
50880,1
17030,1
61006,1
17596,0
37044,1
58695,1
19575,0
60200,1
42339,0
21720,1
14150,1
13514,1
35280,0
20483,0
11470,1
13186,1
7024,1
31727,1
59485,0
46593,1
39194,1
16563,1
56415,0
52845,0
7043,0
19544,0
6134,0
31050,1
45524,1
37170,0
16255,1
8295,1
60561,1
35821,1
26386,0
27853,0
40997,1
9481,0
48470,0
16074,1
8026,1
57690,1
25400,1
5693,0
35443,0
50420,0
46957,1
5117,1
37672,1
48170,1
39745,1
30109,1
6919,1
15651,0
15810,0
17508,1
19483,0
55844,0
17471,1
8975,1
58655,1
23807,0
56738,0
60951,0
13938,1
51577,1
2930,1
51298,1
28610,0
24105,1
432,1
37315,1
17537,1
17509,1
44447,1
34112,1
53590,1
34841,1
14318,1
20097,1
3409,1
46782,1
40623,1
26828,0
45373,1
57816,1
13976,1
33461,1
29355,1
21133,1
46718,1
48381,0
44543,1
50372,1
28482,1
13743,1
10669,1
5127,1
29382,0
1046,1
1179,1
52832,0
28269,0
5667,1
23611,0
20310,1
42785,1
50982,0
36059,0
23599,1
57414,0
11295,1
56786,1
15554,1
61917,1
53991,1
54996,1
48380,1
37380,1
7657,0
14889,1
21593,0
23750,0
52037,1
55708,1
13951,1
8028,1
51704,1
2461,0
38640,0
42138,1
24376,0
40553,1
53247,1
3383,1
35914,0
15745,0
53856,0
25494,0
58510,1
49316,1
3624,1
17736,1
19674,0
13167,1
29115,0
272,0
13539,1
10138,1
29231,0
31973,1
10066,0
50425,0
10430,1
5921,0
23722,1
52146,0
50380,1
52132,1
50304,1
43801,1
13730,0
35484,0
46879,1
35991,1
7408,1
17894,1
6740,1
22860,1
33134,0
53906,1
41230,1
56942,1
28541,1
36076,1
43778,0
42028,0
611,1
21001,0
6436,0
33584,0
23952,0
37865,1
43813,0
59726,1
61193,1
29289,1
20617,1
50068,1
627,0
25760,0
13472,1
33776,0
38307,1
12353,0
61555,1
27185,0
42243,0
49569,0
13885,1
14784,1
6821,1
18596,1
57112,1
29888,1
36427,1
59996,1
34906,0
43793,1
55386,0
31195,1
28070,1
35424,1
50141,0
18088,1
7287,1
30911,0
40242,0
51233,1
29681,0
13652,0
8621,0
8227,1
28448,1
49836,1
7243,1
23484,1
30041,0
32883,0
52914,1
57944,0
50,1
20758,0
19612,1
25192,1
49397,1
1617,1
417,0
60103,1
8260,1
5408,1
33069,0
25946,1
31631,1
27278,0
38761,1
1653,1
22969,0
5114,0
11624,0
14678,1
29273,1
21947,1
20583,0
55385,1
16420,1
4464,0
15795,1
47017,1
8121,1
41667,1
16780,1
52242,1
27577,1
48238,1
12294,1
59259,1
19732,0
7805,1
15872,1
60443,1
20675,1
2693,1
38645,1
53709,1
14589,1
20189,1
28774,0
364,0
24284,1
18465,1
55931,0
36,1
7537,0
57734,0
32704,1
43810,1
50084,0
30279,0
49011,0
6408,0
56149,0
56594,1
4697,0
24682,0
10353,1
21267,0
15431,0
47400,1
14711,1
57719,1
44576,0
33232,1
55018,1
43598,1
50854,1
58018,1
15451,1
2117,1
59095,0
26144,1
7896,0
6162,1
9853,1
23386,1
11953,1
46812,0
18400,1
4975,1
26434,0
3036,1
776,1
61548,0
43574,0
4800,1
60784,1
11355,0
39942,0
38194,0
59848,0
51075,1
19122,1
31950,1
38935,1
5374,1
9237,1
39181,1
7184,0
52378,1
41586,0
27758,1
54445,1
8130,0
32473,1
39443,1
24071,1
21447,0
4038,0
20103,1
22094,0
13015,1
23519,0
554,1
40264,1
43269,0
1606,1
17715,1
53970,0
15839,1
6474,0
25315,0
39825,1
30457,0
30751,1
1857,1
26727,1
2830,1
55229,0
49625,0
2168,1
11901,1
7722,0
55182,0
56782,1
40986,1
28499,0
59706,1
49727,0
16628,1
45483,1
34835,0
9928,0
44678,1
22333,1
40786,1
45118,1
42098,0
29610,0
13533,0
38121,1
58146,1
19370,0
56825,1
46113,1
53815,0
57480,1
46368,1
3645,1
33953,0
36633,0
60654,1
36392,0
32259,1
30138,1
990,1
24964,1
17232,1
5603,1
59222,1
23413,1
18607,1
11618,1
21900,1
25775,0
22632,1
41820,0
37649,0
1819,1
38685,0
60446,0
21883,0
14807,1
38261,1
35136,0
61176,1
11340,1
13596,1
15467,1
22483,1
44038,1
32757,0
44054,0
2009,1
6746,1
8306,0
6647,1
57624,0
8460,0
45457,1
30742,1
16621,0
43072,1
10619,1
29605,0
46299,1
61139,0
20757,1
3951,1
32308,1
57625,0
57899,0
44295,1
13792,1
31914,0
51441,0
48063,1
27136,0
7208,1
18230,1
33728,1
19791,1
70,0
34114,0
40922,0
27544,0
38872,1
28771,1
61270,1
36213,1
19166,1
34739,1
17151,0
53649,1
57879,0
35265,0
43020,0
13142,0
41373,1
12105,1
30384,1
9205,1
42593,1
52997,0
46468,0
48921,0
37072,0
12948,1
12357,0
8109,1
61124,1
569,1
8218,0
39702,1
34218,0
49619,1
40193,1
1199,1
11488,0
19616,1
12248,1
57331,1
26246,1
43919,0
41827,0
1271,0
36205,1
38022,0
45407,1
42784,1
33832,1
3665,1
33635,1
51742,1
8689,1
37280,0
15130,1
16565,1
211,1
30280,1
56131,1
453,1
59246,1
7519,1
6785,1
60240,0
58740,0
29461,1
13557,1
57627,1
61138,1
44909,1
33340,0
35590,1
42578,1
17086,1
33300,1
60132,1
60601,1
21703,0
53138,1
50917,1
11598,1
31480,0
38680,1
8492,1
50706,1
17652,1
13852,0
7980,1
56282,0
54221,0
39151,1
5672,1
50205,0
17629,1
48735,1
60138,1
49728,1
47950,1
45666,1
28048,1
49551,1
349,1
53476,1
29078,1
51347,0
6523,0
13375,0
46912,0
13355,0
11973,0
49832,0
17366,0
48971,1
34719,1
38074,1
2791,0
2136,1
53047,1
1331,1
29796,0
9057,0
45050,1
39051,1
37023,1
27554,1
19037,1
4876,0
56109,0
51161,0
47768,1
28563,0
25094,0
46410,0
11804,0
759,1
44967,0
30069,1
12698,0
6303,1
25021,1
23554,1
16781,1
39476,1
50198,0
23061,1
22916,1
49530,1
34454,1
44529,1
32807,1
36647,1
16324,0
50133,0
61272,1
50590,0
28957,1
16874,0
42927,1
53717,1
27173,1
31380,1
5211,1
55099,1
36889,1
28660,1
17218,0
60954,1
42802,1
21329,1
49021,1
57825,1
1571,1
24453,1
41937,0
25159,1
17876,1
32453,1
1945,1
36164,1
23524,1
5305,0
42058,1
1345,0
27424,1
32121,0
7051,1
49031,1
48206,0
1389,1
19055,1
48231,1
47361,1
42617,0
462,1
22479,1
4335,1
3646,0
22765,1
39875,1
52428,0
43699,0
55824,1
43262,1
10148,1
13821,1
12885,0
52332,1
25113,1
8393,0
54699,1
15086,0
31795,1
6581,1
48205,1
2825,1
8444,1
34024,0
51073,1
1554,0
37120,0
27452,1
6373,1
33512,0
11258,0
54676,1
56697,1
29972,1
39673,1
33892,1
38943,1
33199,1
42772,1
10946,1
38236,0
31247,0
11241,1
28155,0
9763,0
49902,1
16537,0
4143,0
45845,0
8677,1
8660,1
48858,1
40620,1
8533,1
9576,0
5131,1
26876,1
37098,1
35730,1
18858,1
39017,1
2221,1
31423,1
30885,1
51760,1
9021,1
37271,1
16129,1
4263,0
48253,1
12367,0
20139,0
35497,1
37614,1
19228,1
28321,0
34031,0
20508,1
18357,0
21265,1
29416,0
32293,1
2103,0
7,0
10748,0
32410,1
54966,0
14508,0
34775,1
18681,1
10806,1
22762,1
7363,0
27754,1
32417,0
35984,0
12076,0
50357,0
13,0
41801,1
60558,0
32709,1
40954,1
15107,1
44658,1
37418,0
27353,1
36814,1
26938,0
30060,0
34163,1
15170,1
32651,0
29430,0
8715,1
36757,1
14657,1
9537,1
51208,0
1851,1
1052,1
48160,1
49191,1
2279,1
50871,1
54743,1
37716,0
40607,0
30689,0
25379,1
47282,1
2928,0
61299,1
21922,0
60591,0
35674,0
25889,0
12277,1
54675,1
27219,1
56002,1
46774,1
33192,0
17626,1
46102,0
7554,1
53720,1
51683,1
42281,1
32210,1
47351,1
23272,1
42807,1
3093,1
1674,0
7607,1
52538,0
1460,0
39205,0
50933,1
9968,1
45435,0
34545,1
51519,1
29852,0
23768,1
51154,0
8961,1
43747,1
55815,1
40212,1
42616,0
1445,1
38459,1
44474,0
36322,0
56189,1
4377,1
29758,1
49354,0
18331,0
17441,0
44501,1
40057,1
55694,1
21827,0
27113,1
31216,0
46290,1
57703,1
3347,1
50368,0
22257,1
12999,1
37128,1
56576,1
12876,0
49399,1
21837,0
18647,0
30507,0
26388,1
36995,0
26587,1
46376,1
43152,0
585,1
49806,1
36700,1
1282,1
38134,1
20107,1
36879,0
15939,0
43931,1
56055,1
21825,0
46142,1
13120,1
47786,0
1643,1
47081,1
47181,0
22753,1
12054,0
42359,0
35477,1
35993,1
3023,0
32695,0
8764,1
52716,0
61414,1
37301,1
30203,0
61250,1
44790,0
32767,1
13053,1
32805,0
1974,1
33951,1
36539,0
1915,0
6388,1
51004,1
42968,1
43417,1
50323,1
14233,1
40148,1
11647,0
19770,0
11714,1
22747,0
48370,1
38998,1
28148,1
2582,0
17463,0
35709,0
14882,0
20839,1
21563,0
15962,1
53275,1
51831,1
56984,1
34227,0
38532,1
25552,1
40832,0
30443,0
25465,1
21239,0
22715,0
61515,0
14564,1
7885,0
37299,0
51974,1
556,1
11730,1
51405,1
6712,1
765,0
14289,0
17234,0
28072,1
49465,1
6386,1
20392,1
20036,1
4590,0
50779,0
56665,1
7565,0
48434,0
35946,1
45516,1
2272,1
51112,0
9150,0
29689,0
57387,1
1205,0
23375,1
41905,1
61196,1
4315,1
56881,0
22311,1
7582,1
13294,1
47082,0
18093,1
30019,0
2316,0
14549,1
26542,1
49715,1
13179,1
3306,0
21146,0
17878,1
60033,1
44408,1
58926,1
60481,1
5829,1
24939,1
48710,1
11922,0
1324,1
8178,0
39146,1
12374,0
15815,1
50833,1
41738,0
42719,1
9213,1
26582,0
5910,0
51189,1
46981,0
55656,0
60847,1
41488,1
10456,0
14743,1
11229,1
26921,0
29981,0
60735,1
26055,0
633,1
28063,1
12709,0
25755,1
17515,1
53127,1
14499,0
33600,1
19840,1
14570,0
27884,1
24415,1
12159,1
51417,0
33952,1
55928,0
60604,1
18771,0
7899,1
52423,0
13598,1
13761,1
9774,0
16322,1
33992,0
34853,1
29919,0
15589,1
44955,0
23304,1
51869,1
36374,1
19124,0
25155,1
2996,1
50253,0
49056,1
21816,1
53144,1
3021,0
58392,1
57164,1
8366,1
36713,1
15616,1
10556,1
43126,0
21980,1
5969,1
12259,1
54778,0
6554,0
54254,0
11363,0
1704,1
8939,0
17618,1
25924,0
38987,1
38314,1
61521,0
44987,0
38046,1
42431,1
8229,1
53255,1
10352,1
44982,1
15988,1
38538,1
1281,0
21310,0
50565,0
54863,0
59281,0
20913,1
60315,1
7939,1
15133,1
17252,0
36526,1
30932,1
10509,1
35833,1
34071,1
48101,0
40866,0
33207,1
6336,1
58630,1
54003,0
38115,1
12785,1
58217,1
11431,1
9471,0
30724,1
31340,1
37247,1
38198,0
984,1
25383,1
58410,1
23908,0
23825,0
50586,0
4633,1
16923,1
14449,1
26393,1
5141,1
41454,1
50214,1
45719,1
27957,1
55816,1
43261,0
53080,1
4757,1
15727,1
53447,1
46304,0
17139,1
56213,0
16629,0
27705,1
16084,0
2775,0
16392,0
36009,0
34167,1
17143,1
30267,1
55729,1
12968,1
21367,1
988,1
14859,1
9713,1
60058,0
53122,0
15189,1
29708,1
21940,1
48529,0
53464,1
41527,0
60375,1
18001,1
31355,1
11418,1
23239,1
19934,1
54002,0
23352,0
3460,1
32242,1
15966,1
45225,1
35928,0
18439,1
44333,1
50962,0
19788,0
22878,0
29291,0
7633,1
3973,0
54541,0
44983,0
57519,1
7902,1
18327,1
14895,1
19634,1
56608,1
33714,1
3257,1
39005,1
44571,1
52617,1
41218,1
18206,0
6387,0
11712,0
31336,1
42864,1
43583,0
30311,1
5033,1
39479,0
27510,0
30842,1
22677,0
23987,0
20295,1
30974,1
37251,1
426,0
51863,1
59911,0
53391,0
46412,1
14186,0
12858,0
40933,1
22818,1
59948,0
16531,0
47518,1
41442,1
45048,1
3821,1
19720,1
25649,0
18316,1
46850,1
10695,1
37822,1
7107,1
28101,0
8312,1
50314,0
34474,1
48320,1
47229,0
45368,1
21907,1
54306,1
32572,1
18803,1
12244,1
18341,0
42340,1
30031,1
25008,0
1010,1
58437,1
27813,1
40894,1
30078,1
2696,1
8531,1
42885,1
18160,1
19752,1
44221,0
8773,0
40979,1
23098,1
38516,0
14587,1
43829,1
56631,1
30294,1
53607,1
40915,1
49018,1
35972,0
23347,0
46690,0
35306,1
45487,1
28721,1
52077,0
35475,0
7695,1
28636,0
13980,1
29038,0
9601,0
40841,0
55114,1
1265,1
31663,1
46157,1
56978,0
38950,0
16865,1
46530,1
53886,1
10029,0
10924,1
9297,1
7690,1
39448,1
51804,1
44246,1
43112,1
52450,1
58446,1
13912,0
54371,0
58555,0
54482,0
41853,0
60989,0
32998,1
19557,0
7379,0
3695,0
36373,0
383,0
6378,0
11294,1
34762,1
35827,0
47270,1
38827,0
16171,0
864,1
11373,1
39499,1
52048,1
14069,1
5009,0
25545,1
34984,1
42152,1
26930,1
32023,0
10385,1
42441,0
50680,0
36222,1
50201,0
26500,1
56155,1
54691,0
22926,1
53976,1
60129,1
15331,0
34948,0
27036,1
3966,1
4829,1
11326,1
59045,1
23358,0
49278,0
5056,0
42365,1
25299,0
24240,1
4271,1
23190,1
42823,0
8252,0
13620,1
42495,1
46193,1
40099,0
58125,1
60576,1
9997,0
31691,0
29696,1
16827,0
56232,1
50427,1
57999,1
25983,1
4909,1
3217,1
37577,0
21081,0
28104,0
43568,0
4808,0
18420,0
11324,1
48647,1
20375,1
59371,0
28157,0
30611,1
33149,1
8294,0
28513,1
37570,1
46220,0
27115,1
50931,1
1129,0
55331,1
29466,0
42155,1
34783,0
3952,0
37942,1
51429,0
40404,1
57329,1
10692,1
10349,0
14337,0
57416,1
5850,1
29582,0
18307,1
49676,1
57904,1
58592,1
56824,1
58029,0
29429,1
51819,1
4815,1
37257,0
11676,0
13843,0
38304,1
13386,1
31793,0
17439,0
31769,1
9290,1
11447,1
58575,1
19684,1
37723,1
53561,1
35503,0
25949,1
2957,0
3659,1
42684,1
27539,0
23398,0
49730,1
54664,0
17411,1
30614,1
42677,1
47329,0
517,0
30547,0
8630,1
51940,1
29165,1
46599,1
60304,1
42503,0
50580,1
55131,1
37988,1
23475,1
22982,0
58915,0
30843,0
13171,0
55179,1
15670,1
53318,1
7198,1
59828,0
56243,1
40310,1
32828,1
19904,0
55562,1
19269,1
11364,1
58198,1
24524,0
15906,1
10965,0
29536,0
1579,1
47820,0
2750,0
868,1
20439,1
48746,1
43346,0
216,1
56207,0
3631,1
12452,0
49881,1
16977,0
17230,1
39314,1
9306,0
3604,1
56188,1
18257,0
4872,1
334,0
9350,0
29103,1
50557,1
35870,1
46766,0
59058,0
2032,1
21969,1
15067,1
51765,1
53201,1
43097,1
15601,0
36426,0
22137,0
40130,0
45922,0
43233,1
47701,1
46764,0
20914,1
59517,1
13862,1
23128,1
46161,1
17536,0
49570,1
15157,0
23362,0
14445,1
58346,1
32846,0
5357,1
5730,1
26900,0
339,1
16867,1
37702,1
21524,1
50608,1
4441,0
41734,0
7384,1
58904,1
1979,1
50482,0
27949,1
31520,1
3789,0
23887,0
7029,0
48147,1
25052,1
46315,0
47703,1
36391,1
23204,1
27744,1
34907,1
46639,0
25692,1
30253,1
44436,1
3696,1
36371,0
5847,1
26817,0
6870,1
12148,1
25928,1
23376,0
50301,0
56428,1
18703,1
12797,0
1321,1
32265,1
13251,1
43750,0
39902,1
59526,0
15064,1
4425,1
38277,1
31256,1
4962,1
24865,0
21115,0
34497,1
37164,1
17858,0
31650,0
19041,1
49584,1
7823,0
13942,0
14386,0
47192,0
51181,1
42232,1
59703,0
32986,1
56997,1
17842,0
44783,1
6441,0
37693,1
42997,1
7888,0
44177,1
13480,1
47459,0
24885,0
10094,0
56571,1
59354,1
29614,0
18189,1
2334,1
61499,0
51204,1
15901,0
32405,0
2039,1
11039,1
32947,0
29956,1
32869,1
41478,1
55006,0
33929,1
22648,1
46036,1
4749,0
28623,1
47589,1
21946,1
57562,1
50352,1
32021,1
6226,1
38276,1
12887,0
55025,0
51363,0
27214,0
47497,1
52887,0
40877,0
16918,1
5154,0
48429,1
57728,1
14305,1
16611,0
58831,1
14480,0
49012,1
13196,1
46462,0
61008,0
60009,1
20530,0
44105,0
57682,1
50487,1
32487,0
33958,1
58707,0
6167,0
42128,0
17461,0
29719,1
519,1
51124,1
42465,1
1813,1
5355,0
60976,1
21224,0
21125,0
21886,1
11118,1
5260,0
2007,1
7996,1
9641,1
14202,1
53825,1
58436,1
53801,1
45315,1
7138,0
12833,0
23452,0
60049,0
41977,1
1473,1
14617,0
6410,0
57863,1
40822,1
43522,0
36776,1
42601,1
42454,1
28432,1
30233,1
28414,1
61317,1
5156,0
47308,1
52360,0
30037,1
47995,1
3670,1
7960,0
30786,1
44617,1
55348,0
58201,1
28651,1
37202,0
51296,1
57673,1
29823,1
6856,1
28069,1
23421,1
35765,0
17277,0
46889,0
13646,1
27139,1
43035,1
4873,0
1064,0
13851,1
11801,1
40846,1
9070,1
14976,1
43462,0
29844,0
6346,1
5478,1
47464,1
45810,1
10563,1
48176,0
6893,0
28909,1
38021,0
34429,1
5678,1
34857,0
24286,0
44007,0
20755,1
17903,0
2004,1
53313,0
25320,1
56317,1
47402,1
54907,0
26423,1
16735,1
17422,1
33752,1
30589,0
8452,1
12810,0
9039,1
17487,1
22766,1
17902,0
13866,1
41231,1
38996,0
27197,0
32,0
6833,1
61304,1
52455,0
20090,0
17606,0
47495,1
24959,1
10904,1
10134,1
42383,0
28962,0
12652,0
60879,1
47691,0
17412,1
37835,0
28603,0
24996,1
61929,0
16192,0
41166,1
31765,1
1351,0
51031,1
60074,0
58721,1
7786,1
48149,0
243,1
57088,1
21375,0
60320,0
26190,1
4607,1
23010,0
40982,1
48993,0
7420,0
46156,1
61580,1
31537,1
21476,0
28308,1
21949,1
1305,0
48209,0
19177,1
48537,1
20990,1
21206,1
28291,1
35533,1
52335,0
44774,1
36446,1
51244,0
48389,1
24510,1
53283,0
38552,1
26663,1
30738,1
25441,1
58168,1
32650,0
39926,0
2682,0
16857,1
35798,1
58761,1
7923,1
676,0
60945,1
20875,1
26509,1
48771,1
11555,0
30649,1
8417,1
45286,1
440,1
16722,0
18172,1
28402,1
33458,0
36232,1
9941,1
51114,0
48522,1
20629,0
32993,0
48733,1
26389,1
13872,0
18740,1
20132,1
44118,1
32990,1
45424,1
47132,1
17105,1
31360,1
6488,1
43320,0
6284,1
20134,1
46435,0
31817,1
42358,1
3765,0
37464,1
54262,1
12800,1
34038,1
12079,1
18251,0
60983,1
5259,1
7774,1
50978,1
43620,1
30851,0
55679,1
20131,1
11177,0
21506,1
50333,0
16961,1
48717,1
27484,1
7593,1
13245,1
6042,1
12062,1
13727,0
49178,1
46797,0
31835,0
12998,1
31312,1
45303,1
20862,1
59047,1
41897,0
33115,1
20633,1
14762,1
61242,1
56927,0
48070,1
37654,1
49879,1
58967,1
34380,1
30214,0
16822,0
61399,1
27750,1
4643,1
38656,1
25377,1
29017,1
51108,1
21635,1
38892,1
18289,0
47126,1
44393,1
52543,0
27976,0
19476,1
22666,1
24483,1
11222,1
34600,1
36108,1
4059,0
30681,0
13805,1
28966,1
24618,1
31996,0
42296,0
21445,0
9328,0
41236,1
26221,1
41321,0
32949,1
56279,1
48551,0
9434,0
44773,1
33252,1
8286,1
16091,0
37913,1
25914,0
35471,1
7723,1
31815,0
22076,1
6884,1
43740,0
8865,0
46251,1
35060,1
30144,0
54389,1
9705,1
44101,1
19829,0
12404,1
41089,1
57408,0
51473,1
61961,1
49852,0
52462,1
20044,1
25375,1
1132,0
56435,1
18836,1
49457,0
4168,1
38430,1
44993,1
56215,1
36556,0
609,0
37379,1
22310,1
61665,1
30412,1
28675,1
12316,1
6150,1
37243,1
25541,0
24025,0
8095,1
2242,1
55245,0
19134,0
28183,1
59143,1
49034,1
51516,0
21671,1
2504,1
22221,0
28091,0
39762,0
25107,1
40439,1
4741,1
22665,0
23854,1
3849,0
30101,1
4756,0
36165,1
40588,1
54631,1
59718,1
27922,1
48201,0
20881,1
21054,0
30696,1
25576,1
22994,1
49379,1
4401,1
17696,1
44349,1
58556,1
4972,1
16651,1
31601,1
55137,1
31668,1
46080,1
33165,0
14142,0
12668,0
18418,1
43642,1
58106,1
22981,0
15341,1
3267,0
11317,1
2656,1
42734,1
36507,1
8699,0
27827,1
53632,1
45964,0
52560,1
40383,0
16476,0
15082,1
3336,0
7655,1
41657,1
59541,0
41095,1
55831,1
10798,0
48343,1
43818,1
40386,1
28745,1
31706,1
50951,1
50909,0
3246,0
33591,1
35974,0
4052,1
1903,0
4065,1
47845,1
50851,1
20867,1
9856,1
496,1
30446,0
43311,0
9598,0
48564,1
43732,0
13991,0
15551,0
55749,0
42789,1
36989,1
61798,1
53791,1
59633,1
56650,1
6455,0
23425,1
60827,1
50444,0
9793,1
48258,1
49248,1
6601,1
39596,1
41992,0
9627,1
46258,1
1359,1
43960,0
25794,1
53250,1
31549,0
4617,1
20806,1
26403,1
6902,0
26255,1
34336,1
45296,1
24905,1
32401,1
54190,1
3600,1
13755,1
48373,0
54611,1
10147,1
45377,0
2335,1
1258,1
16353,1
15627,1
55427,1
9045,1
21435,1
27526,0
46627,0
45944,0
12202,1
32991,1
33664,0
36611,1
47457,1
59622,1
52418,1
36439,0
34867,1
14052,0
5203,1
4533,0
39983,1
15924,1
57302,0
50366,1
27331,1
28071,1
8347,1
33067,1
8805,0
44077,1
23409,1
16214,0
13422,1
21116,1
14974,1
1174,0
58686,1
20021,0
41451,0
27109,1
8779,1
22646,1
11360,1
2469,1
50921,0
12167,0
12821,0
31566,1
41304,0
20812,0
19092,0
45281,1
54180,1
21838,1
9183,0
19566,0
59133,1
4446,1
46845,1
54138,1
45881,1
48177,1
5028,1
33784,1
54964,1
23027,0
4404,1
36856,0
34296,0
39515,0
49748,0
2091,1
42822,1
59443,0
31334,1
54651,1
50653,0
34478,1
59753,1
33702,0
30235,1
45123,1
25092,0
42521,0
21867,1
18501,1
23426,0
29267,1
23402,1
17687,1
8283,1
56640,1
56018,1
47424,1
46030,1
43777,0
36304,1
22703,1
45036,1
5448,0
54677,0
42857,1
57020,1
50470,1
43365,0
25470,0
5823,1
44705,0
29527,1
27745,1
60823,0
25493,1
25012,1
48304,1
37827,1
21167,1
12386,0
51223,1
53361,0
35685,1
53639,0
29500,1
55479,1
50321,1
56142,1
42426,1
35180,0
41044,1
54387,0
26299,0
37482,1
10194,1
35662,0
42323,1
34316,1
10378,1
60573,1
19582,1
23015,1
30305,0
38035,1
8207,0
34328,1
16438,1
477,0
11675,1
46317,1
4598,0
22395,0
42133,0
29001,1
26242,1
32550,0
47987,0
10661,0
8825,1
23965,0
22049,0
44361,1
42053,1
12891,1
21661,1
5820,1
43209,1
28959,0
20281,0
5737,0
30324,0
50746,0
16332,1
39493,0
61040,0
61161,1
16498,0
10431,1
42332,0
4399,1
46692,0
4457,1
49639,0
51755,0
20562,1
50705,0
59875,0
19748,1
53244,0
9046,1
14781,1
31810,1
36710,1
59945,0
28596,1
37107,0
42026,0
56011,1
32104,0
20374,0
23929,0
53119,1
47164,0
17355,1
1696,0
4248,1
10335,1
59017,1
33879,1
3340,1
41923,1
1837,0
22073,0
60442,1
61611,0
11393,1
57328,0
13210,0
19876,1
1629,1
34401,1
38014,1
48615,1
10578,0
1438,1
22757,1
6297,1
36705,0
24215,0
33722,1
27127,1
61288,1
4635,1
31322,1
49415,0
60813,1
19129,0
37381,1
46898,0
7676,0
631,1
42161,1
10737,0
21956,0
50403,1
21764,1
19972,0
1026,1
39135,0
39258,1
7100,0
1304,1
42760,0
56610,1
41822,1
32951,1
38751,0
25,1
6186,1
52189,0
48140,1
56183,1
55345,0
61010,0
39145,0
60000,1
28952,1
21500,1
33159,0
17747,1
47739,1
59424,0
60425,1
27302,1
47479,1
47330,1
60750,0
11504,1
16946,1
16632,1
49381,1
60393,1
20713,1
755,0
4316,1
31117,0
27668,1
40286,1
32279,1
48494,1
9120,1
13662,1
55321,0
43849,0
50150,1
7422,1
20409,1
39579,1
60353,1
24549,0
21469,1
60629,0
49863,0
20671,0
40423,0
60419,1
43927,0
916,1
28954,1
59891,1
24256,0
57436,1
49875,1
39170,1
10216,1
28196,1
40906,1
15757,1
24674,1
36431,0
12046,1
34079,0
17627,1
1309,0
59827,0
22324,1
42762,0
58780,1
34230,0
40282,1
44207,1
43203,1
5282,1
47458,0
11652,1
54837,0
41788,0
21664,1
1536,1
13490,1
49862,0
55614,1
44283,1
25236,1
15583,0
34493,1
50334,0
34860,0
32761,1
18916,1
41248,1
34737,1
55818,1
9758,1
14021,0
658,1
55016,1
3496,0
59687,0
50217,0
208,0
50506,1
30769,1
40723,1
9427,1
20980,1
26488,0
29082,1
15857,0
22748,0
59063,0
56636,1
34105,1
45177,1
4742,1
11727,1
17155,0
24906,1
2317,1
31463,1
61293,1
12826,0
53018,1
37087,1
40594,1
6192,1
14856,1
21370,1
13784,0
8569,0
1456,1
45940,1
34018,1
34273,1
42529,1
39828,0
23620,1
8078,0
16620,0
52816,0
13752,1
39547,0
11083,1
53592,1
15372,1
54729,0
61810,0
59440,1
21987,1
56293,1
32726,0
7878,1
46844,0
25844,0
20912,1
22411,0
5938,0
39773,0
59836,0
33558,1
41155,0
31814,1
9264,0
3636,1
4611,0
35478,0
44821,1
5102,1
54520,1
58541,0
38678,1
35085,1
44132,0
31986,1
28576,0
43409,1
310,0
47320,0
11283,1
25509,0
607,1
5689,1
17353,1
31413,1
43151,1
14200,1
2926,1
57677,1
12870,1
4996,0
18372,1
57053,0
14742,1
35302,0
49455,1
46847,1
53772,0
25555,1
4161,1
22873,1
23140,0
3656,1
23781,1
60820,1
1804,1
7217,1
37433,0
24126,0
34091,1
50149,0
32295,0
54266,1
9725,1
54100,1
14821,1
42074,1
56103,1
3606,0
34858,1
5235,1
60706,1
49924,1
16610,1
2892,1
49598,1
44719,1
8705,0
9081,1
50791,0
19678,1
15241,0
11484,1
30158,0
6509,0
12540,1
53230,1
13255,0
43318,0
31895,0
44786,1
29129,0
16076,0
30538,1
46438,0
58999,1
55064,1
58683,0
18824,1
32945,0
49458,1
48478,0
12117,1
10192,0
13160,0
57228,0
54088,1
8447,1
36271,1
13895,0
27830,0
11867,1
13578,1
57953,0
7942,0
26222,0
15541,1
41731,0
52959,1
47049,0
28643,1
28289,0
7964,0
28589,0
42694,0
8513,0
44297,1
16791,0
45095,0
52110,0
12315,0
42490,0
44970,0
61733,1
30975,1
55732,1
9254,1
3419,1
61179,0
60791,1
17729,1
26354,1
32589,0
13356,0
33834,1
4392,0
39184,1
52589,1
39961,1
23441,1
4673,0
156,0
31900,0
3691,1
3786,0
48614,0
59361,1
55689,1
49162,1
20963,0
51694,1
50717,1
24900,1
8161,0
37643,0
60930,1
34772,0
48628,1
1187,0
30939,0
5511,1
45984,1
32429,0
45228,1
25269,1
1314,0
32900,1
47026,0
44357,0
15664,0
11871,1
60615,1
18926,1
60971,0
45640,1
10468,0
44303,1
47486,0
4603,1
45675,0
34704,1
13476,0
35496,1
50888,1
55005,1
3733,1
53166,1
61796,0
46829,0
49880,0
14126,1
31879,0
37773,1
56274,0
6826,1
35851,1
44074,1
15778,1
5190,1
10877,1
2018,0
61137,1
9821,1
28302,1
40580,0
31614,0
13714,0
21465,1
27997,1
51785,0
17698,0
12707,1
57123,1
18310,1
20817,0
174,0
7546,1
33240,0
57505,0
11378,1
43393,1
57756,1
3540,0
564,1
57376,0
36977,1
27921,1
59475,0
38210,1
3063,1
18616,1
34882,1
61785,1
47069,0
20465,0
50315,1
7404,1
44204,1
19987,1
15679,1
372,1
48569,1
8761,0
33056,0
27290,1
52443,1
39906,0
41405,1
43791,0
7983,0
11033,1
61855,1
2646,0
9596,1
43947,1
17341,1
2755,0
38105,1
15661,0
48841,0
30762,1
61958,0
47781,1
35695,0
35417,0
18617,1
43548,1
50178,1
59632,1
61428,1
43638,1
36862,1
58588,0
19348,1
2432,1
55863,0
48779,1
31493,1
46695,0
30191,1
53963,0
39935,1
4252,0
28667,1
11567,1
58602,1
14020,1
53475,0
24392,1
22685,0
28519,1
16068,1
7637,1
42765,1
38791,0
20361,1
22075,1
46327,1
24418,0
59114,1
48946,1
33364,1
26135,0
57843,1
49975,0
26251,1
61672,1
48677,1
33589,1
13798,0
34659,1
5348,1
20059,1
22802,0
6049,0
19263,1
47683,1
61655,1
34102,1
189,1
48250,1
29988,0
56450,0
13593,0
21866,0
49750,0
53431,1
28988,1
12678,1
56047,0
49655,1
39754,1
46940,1
25154,1
40506,1
27129,1
57607,0
46604,1
5353,1
3094,1
21307,1
10340,0
25153,0
1760,0
12092,1
49670,1
18371,1
51911,0
33488,0
48190,1
6701,1
51552,1
34262,1
50803,1
28461,1
8388,1
28498,1
7014,0
57125,1
53927,0
34658,1
9091,0
11741,1
43376,0
1330,1
22488,1
32091,0
6494,1
18104,1
50274,0
48716,1
61816,0
1494,0
26915,0
29845,1
3439,0
50991,1
12745,0
34797,1
18608,0
11375,0
13937,1
6992,1
8522,0
44407,1
53149,0
2735,0
43053,1
38239,1
40651,1
10200,0
52305,1
26356,1
1818,1
43955,1
44093,1
59373,0
7323,0
39278,0
37125,1
58397,0
51164,1
57054,1
14139,1
14243,1
19949,0
42816,1
42682,1
23700,1
22134,1
53514,0
9827,1
27419,0
47243,1
31474,1
58230,1
24500,0
10989,0
1040,1
18178,0
47376,1
13308,1
59429,0
39809,1
47958,0
58534,1
28271,0
58430,0
61053,1
21536,1
36124,1
24581,0
38437,1
30254,1
21187,0
21567,1
32924,0
10568,1
24826,1
25251,1
21131,0
16209,1
6758,0
2063,1
32987,0
33672,1
56248,1
8414,1
26330,1
40743,1
13447,1
40640,0
17560,1
39810,0
49840,1
46839,1
52811,0
52627,1
31442,1
16305,0
31619,1
49585,0
19009,1
20321,0
27731,0
4359,1
40303,1
8171,0
8614,1
34702,1
34976,0
1589,0
32461,1
27367,0
8796,1
40498,1
25135,1
50375,1
15300,1
35313,1
5410,0
22786,0
9258,0
31880,1
21185,1
33770,1
10609,1
39884,1
41618,1
6483,1
31785,0
43249,0
27503,1
3568,1
33475,1
5182,0
23563,1
49543,0
35565,1
23301,0
37890,1
18012,0
60456,0
58656,1
42938,0
43122,1
34530,1
36675,0
37710,1
7591,1
39948,1
15860,1
60598,1
52855,1
27849,1
26566,0
10647,1
50042,0
46126,0
45190,0
935,1
21425,0
16480,1
42372,1
44199,1
23577,0
39372,0
23367,1
46520,1
36880,0
45018,1
34682,1
26014,1
11747,1
51999,0
58398,0
415,0
19404,0
26617,1
3210,0
32160,0
14586,1
53582,0
18833,1
16235,0
30732,0
19397,0
352,1
60707,0
50262,0
48030,1
41146,1
39173,1
35230,1
45393,1
12791,1
28202,0
46946,1
4648,0
44995,0
14599,1
1505,1
53286,0
18722,1
9690,0
57655,0
15429,1
48165,1
36453,1
9544,1
52441,1
26241,1
23394,1
23882,0
35681,1
58778,0
12755,1
18580,1
44163,0
48964,1
34194,1
17417,0
37473,1
9748,0
16962,1
40936,1
52284,0
22271,1
35173,1
21246,1
6272,0
37165,0
6047,0
29456,1
19541,0
29824,0
31927,1
9010,0
56858,1
27000,0
60222,1
4851,1
59849,0
39045,0
44088,1
21033,1
61633,0
23634,1
7949,1
5596,1
46595,1
8467,0
51457,0
55518,1
57456,0
35963,1
44255,1
30844,1
28224,0
52229,1
17262,1
25109,1
14728,0
51366,0
35547,0
6026,0
38479,1
794,1
5523,0
6415,1
15225,0
6008,1
26788,0
13903,0
60483,1
48517,0
11514,1
57702,1
32946,1
27639,1
9064,0
7993,1
27658,0
13876,0
22290,1
48840,1
14263,1
922,1
37525,1
36822,1
5989,0
5675,0
9874,1
34060,0
19154,1
16168,1
10060,1
37848,1
165,0
25335,0
21910,1
42481,1
9559,0
45695,1
44960,1
60766,0
51912,1
52192,1
30286,0
9477,1
15783,0
60474,0
11161,0
52619,1
34550,1
55475,1
56931,1
53939,1
50286,1
1198,0
57708,1
4666,0
30592,0
22859,1
38773,1
56936,1
13080,1
18879,1
2800,1
46952,0
5597,1
14369,0
25650,0
808,1
34650,1
49817,1
34627,1
6191,1
37904,1
32724,0
45328,1
52291,0
30526,1
21619,1
22614,0
1817,0
7611,0
25318,1
10615,1
9752,0
36771,1
34268,0
26802,0
1392,1
27846,1
2085,0
61444,0
38374,1
47431,1
26237,1
24297,0
20759,1
55595,1
32416,1
50019,1
28516,1
2505,0
60998,1
43558,0
42298,0
20177,0
16388,1
58052,1
22059,1
28984,0
46423,0
22997,0
7467,1
37852,1
1929,1
37295,1
39232,0
60824,1
16626,1
37145,1
20805,1
20235,1
7240,1
15769,0
51680,1
28647,1
38812,0
46927,1
35336,0
33836,0
34559,0
14133,1
43175,0
23817,0
45583,1
24698,1
40541,0
54289,1
38278,1
8696,1
42902,1
41483,0
25289,0
23604,1
58006,0
25274,1
37922,0
40328,1
22688,0
48713,1
34742,1
11685,0
25488,1
9765,1
21785,0
55378,0
2907,1
1481,0
3492,1
46696,1
3331,0
42423,1
27716,1
11526,1
48933,1
27523,0
2978,0
42103,1
28701,1
49653,1
29553,1
59341,0
22379,1
50135,1
50322,1
8069,1
26747,1
60793,1
25796,1
18167,1
14995,1
3451,0
21909,1
20807,0
39485,0
30187,1
7247,1
45955,1
44406,0
36362,1
54237,1
31253,0
9996,0
3654,1
15861,0
16869,1
49400,1
42408,1
15843,1
55014,1
25524,1
29459,0
32962,1
58694,1
5179,0
55219,1
39824,0
26676,1
2417,1
834,1
39936,0
41296,1
3722,1
2931,1
43395,0
44423,0
22408,0
21106,0
5551,0
15730,1
26740,1
53573,1
47428,1
39198,0
29733,0
34798,0
55569,1
58900,1
24541,1
901,1
34722,1
14968,1
36235,1
13017,0
32923,1
49336,0
13312,0
33646,0
11537,1
42810,0
9681,1
47596,1
38883,0
13465,1
8082,1
36001,1
15468,1
58998,1
26478,1
2308,1
42871,0
17809,0
44323,1
59995,1
26370,0
10907,0
52903,0
51176,1
32110,1
42691,1
9772,0
49245,1
35943,1
21084,1
60617,1
828,1
48335,1
13555,1
56597,1
16285,1
12882,1
40875,0
47732,1
59448,1
5966,0
9364,0
19790,1
33907,1
49375,1
58927,0
59487,0
41712,0
26184,1
12449,1
36469,1
15760,1
30133,1
49432,0
44439,1
42892,0
3673,1
55511,1
47988,0
45339,0
5472,0
61673,1
46866,0
5194,1
50044,1
39599,1
21137,1
46969,1
38421,0
46541,1
60804,1
3355,0
5529,1
45316,1
23894,1
52736,1
217,0
10676,1
37772,1
27121,1
51349,1
39421,1
5686,1
57007,1
22493,1
31425,0
35990,0
58290,0
4039,0
42528,1
14557,1
34026,1
59052,0
32730,1
51709,1
37212,0
24191,1
60517,0
18728,1
16765,1
41170,0
51992,1
50363,0
46026,0
49958,1
47761,1
50105,1
5549,0
2648,1
36335,1
54559,1
8668,0
47684,1
27808,1
48603,0
53998,1
39176,1
51939,0
41643,1
47103,0
59532,1
4356,0
35176,0
1028,0
42533,0
34501,1
25189,1
5858,0
27453,0
2643,1
59871,0
4825,1
32389,1
42496,1
39356,0
17611,1
18532,1
48257,1
25830,0
193,1
43277,1
17814,1
40481,1
7181,1
45831,0
32019,1
34979,1
46598,0
38501,0
59362,1
45264,0
34604,1
23223,0
2130,1
20345,1
54578,0
38343,0
20237,1
12300,0
47979,0
11860,1
17768,1
2977,1
39944,1
3207,0
48865,1
54405,0
15594,1
9180,0
16110,0
50710,1
30862,1
22113,0
29691,0
56977,0
49925,1
4616,1
23076,1
39966,1
40171,1
11141,0
43003,0
28207,1
13518,1
26624,0
52383,1
4060,0
21637,1
6534,1
32510,1
37442,1
3033,1
45312,1
57602,1
12263,0
13300,0
5113,0
34313,0
27501,0
16020,0
27521,0
15400,1
14248,1
728,1
43197,1
28334,1
20232,1
17632,1
14404,0
44231,0
35261,0
38195,1
38425,1
14388,1
8518,1
17994,0
19693,0
9282,1
26148,1
54742,1
29371,1
19032,0
56911,0
34580,0
12750,1
29699,1
7631,1
23077,1
41472,0
2511,1
61151,0
59050,1
350,1
3946,1
51843,1
49329,1
22215,0
26408,0
32354,1
6092,1
16709,1
30664,1
18969,1
34334,0
21767,0
58097,1
43651,1
58387,0
15909,0
53172,1
36382,0
22560,1
7335,1
51938,1
11059,1
58428,1
26914,1
14356,1
36104,1
18347,1
32301,0
11601,1
40951,0
23815,0
47889,1
55601,1
5066,1
48021,0
6795,0
52919,1
20985,0
18134,0
20842,0
26882,0
53217,1
47171,1
61708,1
10981,1
43405,0
61670,0
23602,0
47118,1
55204,0
35640,1
37322,0
24249,1
14898,0
30900,1
56454,0
45174,1
14110,1
38824,1
16927,1
21010,0
48850,1
9994,1
51326,0
3268,1
9896,0
46387,1
61300,0
35314,1
38704,0
36554,1
19759,1
39574,0
13259,0
47605,0
15205,1
56724,0
22609,1
36877,1
34121,0
19526,1
58247,1
2402,0
34585,1
48350,0
41212,0
7178,0
11494,1
11107,1
37088,1
79,1
9519,0
15586,0
23346,0
33288,1
54740,1
33310,0
7194,1
23012,1
49749,1
16782,1
35335,1
17837,1
8708,1
38756,0
34826,1
42615,1
44392,1
48552,1
35158,0
9912,1
14847,1
3495,0
15687,0
5915,0
50745,0
17453,0
43001,0
17001,1
29877,1
23255,1
18550,0
48088,0
16425,1
15544,1
45587,0
50002,0
40105,0
34648,1
57117,0
10481,1
9584,1
40203,1
53838,1
926,1
54196,0
29338,1
47579,1
61923,0
29770,1
29913,1
10626,0
56405,1
8644,0
44385,0
34601,1
40219,0
21891,1
19352,1
51634,0
6796,0
31875,1
1548,1
36895,1
12592,1
18518,1
59345,1
50555,0
2157,0
11902,1
28917,1
16582,1
58608,1
9699,1
57829,0
55558,1
35327,1
15097,0
22887,1
13290,0
55224,0
7717,1
16512,0
49687,1
57984,1
41924,1
44520,1
2416,1
32287,1
41604,1
13108,1
49802,1
51837,0
57492,1
42878,1
7697,1
1057,1
32716,0
13007,1
12034,1
33979,0
57527,0
15675,0
57494,0
15626,0
50007,1
43846,0
27411,1
20549,1
14450,1
50749,0
20922,0
1134,1
14028,1
42681,1
2477,1
51830,1
57024,1
10303,0
1468,1
53689,1
61867,0
36945,1
5230,1
46616,1
49566,0
24506,1
46342,1
5301,1
7401,1
5696,1
60672,0
44251,0
30372,1
31198,0
18068,1
26489,0
59075,1
22282,1
47367,0
6889,0
28244,1
35290,0
35400,0
59509,1
61880,1
10770,0
36018,1
57987,1
12421,1
35761,0
31808,1
35725,1
34577,1
31214,0
58768,0
46192,0
58814,1
19201,1
10531,1
5855,1
33280,1
6127,1
41917,1
10593,1
2798,1
36307,1
1939,1
55933,0
51855,0
47396,1
44413,1
34787,1
39311,1
22708,1
15474,0
56410,1
26249,0
33550,1
5896,0
44156,0
16496,1
43851,1
34662,1
47767,1
50138,1
51562,1
52457,1
16607,0
58152,1
38593,1
4564,0
38836,1
40350,1
22381,0
29124,0
61990,0
41156,0
43260,0
5005,1
61724,0
23945,1
45892,1
42555,1
2383,1
31147,1
55560,0
389,1
28739,0
29792,1
59576,1
35825,0
1262,1
3442,0
21842,0
44388,1
17835,1
12819,1
32217,1
60681,1
46261,1
9778,1
32071,1
1076,1
2138,1
59136,0
37989,0
46221,1
20214,0
9402,1
17488,1
32960,1
3845,1
54512,1
2394,1
30404,1
39629,1
59100,1
44662,1
2585,0
15695,1
34020,1
38901,0
40300,0
54436,0
24177,1
12699,1
35246,0
28928,1
49275,1
14033,1
25761,1
18743,1
540,0
15072,1
61737,1
27201,1
10958,0
49850,1
28238,1
36230,1
23133,1
8546,1
54604,1
32228,1
59393,0
14814,1
53194,0
22872,1
30800,0
38821,1
41182,1
30574,0
13406,1
52555,1
1593,1
47135,1
54415,0
13173,1
47478,0
24361,1
35074,1
1140,0
42911,1
16249,1
5841,0
29003,1
15351,1
42548,1
39321,1
27016,0
36290,0
13807,1
16577,0
35197,0
37735,0
59533,1
32482,1
15979,0
47280,1
5714,0
31011,1
54780,1
52803,1
32802,1
58855,0
25719,0
55127,1
15547,0
55773,1
50520,0
61098,1
5397,1
48729,0
11582,0
31346,1
49398,1
38626,1
6751,1
19324,1
55069,1
25693,0
25409,1
15099,1
34508,1
36614,1
12966,1
61583,0
2913,1
5271,1
39054,0
10696,1
27276,1
17570,0
15421,1
16023,0
5851,1
5314,1
41803,0
48518,1
32959,1
16964,1
4837,1
50922,1
11308,1
6529,1
20004,1
8462,0
30108,0
58334,1
20126,1
4115,1
3414,0
6310,1
24419,0
48613,1
41532,1
10969,1
19577,1
36409,1
12483,1
60424,1
7524,1
61298,1
53835,0
1543,1
29428,1
54836,0
7514,0
16549,1
19836,0
40117,1
18875,0
25925,1
17433,0
22501,0
18762,0
29991,1
40674,1
2885,0
51726,0
17905,0
45323,1
58622,1
17686,0
29944,1
53786,1
4634,1
25776,0
16260,1
43456,0
59201,1
9455,0
41936,0
34677,0
51563,1
15632,1
56963,0
36607,0
20032,1
56309,1
30618,1
21757,1
20967,0
2694,1
25725,1
983,1
36712,1
39882,0
28384,1
42167,1
17236,1
6480,1
5332,0
9197,1
36223,1
43630,1
53357,0
24432,1
21184,1
31845,0
48911,1
29756,1
7376,1
8448,1
39333,1
43906,0
59626,0
51445,1
38159,0
49154,1
29270,1
46361,1
19726,0
31985,1
56004,0
34969,0
59780,1
9292,0
32764,0
28036,0
55253,0
18040,1
11931,0
14546,1
52638,1
30211,1
29731,0
14341,1
34279,1
21554,1
38888,1
14240,1
49161,0
3780,1
59926,1
50969,1
53645,1
15001,1
61455,0
8086,0
23746,1
39197,0
16236,1
55318,1
42173,1
5216,1
21451,1
42598,0
15621,1
542,1
34100,1
9231,0
52084,1
34633,1
16350,1
54381,0
43268,1
29894,1
27351,1
38720,1
5173,0
61803,1
13002,0
40660,1
26412,0
26783,1
32423,0
7597,1
24027,1
61119,1
10102,1
14943,0
10196,1
39742,1
52743,1
51226,0
58741,1
24472,1
24308,0
8777,1
47756,1
39504,1
11185,0
2726,0
6859,0
54413,0
31118,0
44168,1
41030,1
13233,1
56168,0
25666,1
20708,0
39539,0
29052,0
19529,0
21236,1
20092,1
3478,0
36258,1
22416,0
38183,1
38078,1
61109,1
50902,1
33062,0
38752,1
35609,1
61986,0
58264,1
22819,0
43186,1
46138,1
14680,1
10596,0
5335,1
12059,1
15682,1
403,1
14040,0
59438,1
36643,0
50390,1
45874,1
11182,0
50784,1
11669,1
3128,1
56065,0
56400,1
16183,1
42091,1
25962,0
7332,1
56681,1
22429,1
33749,1
34583,0
53870,1
52390,0
30054,0
59149,1
32051,1
59274,0
18466,0
36261,0
31591,1
25846,1
51603,0
24819,1
35891,0
24114,1
19789,1
4901,1
53110,1
53074,1
646,0
30025,0
51119,1
11786,1
5525,1
8717,0
5309,1
49548,1
2807,1
51478,0
7069,0
27977,0
29964,0
6806,0
35679,1
4535,1
2163,1
36357,0
16798,0
50675,1
15221,1
60577,1
41708,1
51308,1
20073,1
46609,1
52892,0
39381,1
2573,1
18920,0
28942,1
60678,1
37008,0
28233,1
60723,1
36916,0
50072,0
38788,1
39996,0
49839,1
59394,1
8849,1
47151,1
3963,0
50013,0
46871,1
52684,1
44040,1
40785,0
23655,0
24128,1
7207,0
47944,0
27071,1
7594,0
29790,0
29635,1
46519,0
44269,1
23068,1
20630,1
8859,1
20795,1
25472,1
1388,1
20852,1
16532,0
35839,1
56732,1
37353,1
54251,1
22638,0
50129,1
39380,1
45875,1
34007,0
21686,1
13978,1
44771,0
35764,1
43473,1
10996,0
28428,0
58624,1
22635,0
25686,1
51914,1
26759,0
45089,0
28002,1
51109,0
18951,1
29373,1
41541,1
12473,1
17216,1
54031,1
9463,0
21021,1
4146,1
45383,1
29742,1
54975,1
49203,1
10388,1
429,0
30707,0
46352,1
15542,1
48309,1
39695,1
52528,1
14511,1
50176,0
37801,0
16292,1
51851,0
48362,1
60911,1
47943,0
30718,0
10603,0
35908,1
57965,1
23306,1
12893,0
49554,1
21585,0
19940,1
18820,1
45034,0
60476,0
25727,0
52814,0
42415,0
45633,1
20234,1
3866,1
46491,1
8783,0
57581,1
59483,0
5133,0
15719,1
38668,0
3734,1
21209,1
46700,1
43428,0
37432,0
50148,1
56968,0
882,1
15711,1
44751,1
11584,0
12526,0
3678,0
31250,1
4386,1
57534,1
53363,0
8117,1
45216,1
60470,1
15183,0
51741,0
9450,0
56842,1
57942,1
48974,0
61872,0
39252,0
59498,0
44582,1
27422,1
56496,1
41196,1
56669,1
19871,0
28439,1
31026,1
25260,1
5625,0
14433,0
34592,1
19196,1
45787,0
28812,1
26309,0
30482,1
8903,1
50725,1
47573,1
56612,1
8404,1
5594,0
17220,1
32343,1
6454,1
27709,0
50423,1
41683,0
15697,1
54701,1
8516,1
2808,1
26443,1
30582,1
5890,0
29687,1
3154,1
31035,0
61434,1
60409,1
14957,1
8004,1
60926,1
27472,1
23835,0
9540,1
14331,0
50971,1
29168,1
40776,1
7596,0
2778,0
7858,0
38981,0
74,1
43663,1
35437,1
16019,1
19428,1
10955,0
35108,0
26480,0
1106,1
56193,1
52623,1
16730,1
52127,1
50498,1
22526,1
10292,1
39293,1
17314,0
4754,0
53520,0
19089,1
24758,0
37645,0
5391,0
56986,1
52530,1
19108,1
38325,1
39817,1
31218,1
7095,0
9398,0
18543,1
39272,1
25768,0
31451,0
13928,0
33183,1
53693,0
6496,1
16080,1
55875,0
36470,1
54728,1
25601,1
6966,1
48751,1
30568,1
8502,1
42514,0
6174,0
53949,0
21202,1
21831,1
37563,1
34522,0
37783,0
10662,0
38227,1
24653,0
19259,0
29639,0
23071,0
504,1
35999,0
10026,1
719,0
32858,1
51812,0
7614,0
29552,1
25063,1
29881,1
21747,1
31268,0
18417,1
31203,1
45683,0
13703,1
47254,1
35746,1
59126,0
29417,1
12908,0
47970,1
26154,1
13394,1
1220,1
27635,1
50567,1
515,1
28915,1
29916,0
11342,1
58903,1
21677,1
36615,1
58135,1
54634,0
33930,1
2104,0
60250,1
2995,1
26125,1
12200,0
43348,1
20686,1
54179,1
42142,1
37412,0
45953,0
23141,0
47369,1
49250,1
31072,0
17370,1
41457,1
21318,1
46852,0
8334,1
50473,1
15217,0
26337,1
14254,0
21485,0
60492,1
13735,1
19587,0
29693,0
24593,0
20309,1
52421,1
22129,1
31799,0
23526,1
54890,1
9236,1
4822,0
24380,0
32840,1
44760,1
50865,1
55068,1
48630,1
39980,1
26381,0
32641,0
39490,1
22440,1
35297,1
32359,1
23262,0
647,0
45598,1
26229,1
25619,1
37714,0
45717,1
45400,1
61791,1
13263,0
24131,1
9575,1
1649,0
55885,0
10847,1
24130,1
12905,0
1294,0
57346,0
30867,1
23152,1
2344,0
54018,1
28245,0
9123,1
41068,1
49684,1
41065,1
28457,0
859,1
35150,1
43307,1
36313,1
3749,1
34567,0
499,0
8846,1
17733,1
4713,1
12831,1
47241,1
21433,1
15103,0
30802,1
40609,1
44104,1
17083,1
3804,0
25745,1
42289,0
18856,1
47865,1
17315,1
30563,0
49141,0
37156,1
39326,0
61269,1
6770,0
55390,0
24489,1
37892,0
19274,0
5016,1
53176,1
9071,1
11433,1
6343,1
46617,1
2663,0
45628,0
38962,1
61184,1
14479,1
41235,1
18538,0
60526,0
6932,1
11542,1
32078,0
14157,1
40084,0
31602,1
9363,1
25196,0
1463,1
8064,1
7090,0
17703,0
46474,1
860,0
57774,1
18983,1
46983,1
37144,0
7535,1
45592,1
16743,1
30346,1
45180,0
7077,1
22918,1
17428,0
33733,1
16253,1
27097,1
21939,1
4131,1
45796,1
35540,0
30673,1
38930,1
31775,1
27603,1
50145,1
22714,1
22726,1
50913,0
10889,0
40274,1
58345,0
54980,1
3927,1
42186,1
41214,0
5162,1
37038,0
16478,0
36654,0
29476,0
60546,1
45408,1
5641,0
41297,0
49518,1
10379,0
37840,1
41685,1
418,0
54534,1
7669,1
36690,1
27418,1
43881,0
31826,0
27339,0
53539,1
33557,1
27124,0
518,0
26973,1
49208,0
56652,0
6687,0
30795,0
11155,1
50429,1
45314,1
7796,1
40730,0
49662,1
60233,0
56173,1
57004,1
22348,1
11105,1
23658,1
39885,0
13616,1
330,1
17102,1
21862,1
57792,1
24049,0
24422,1
56656,1
24792,1
60553,1
51859,1
35713,0
42933,0
25268,1
20614,1
45167,1
24657,1
46427,0
25407,1
51745,1
9506,1
8424,1
60668,1
21516,0
48845,1
52765,1
29408,1
17111,0
38116,1
21340,1
54122,1
32996,1
4350,0
25130,0
37382,1
52798,1
54120,1
3915,1
528,1
61486,0
2228,1
43936,0
25421,1
23559,1
55330,1
41356,1
14226,1
56345,1
52247,1
57186,0
5893,1
59439,1
34911,0
4513,1
32095,0
58043,0
52751,0
9697,1
22566,1
24139,1
1196,1
9426,0
35555,0
7627,1
16668,0
55503,0
42188,1
37220,1
48328,1
9773,1
42827,1
18770,0
15284,0
48326,0
40168,1
34792,1
24896,1
32332,1
31862,1
18768,1
11855,1
14107,1
38880,0
57665,0
59699,1
4127,1
16731,0
10831,1
23799,1
45994,0
35883,1
36113,1
54895,0
42941,1
24024,1
37752,0
6786,1
49333,1
56464,1
55362,0
54257,1
2013,1
54671,1
30720,0
57118,0
50251,1
1614,0
915,1
60309,0
34804,0
55877,1
52170,1
26223,1
60634,1
23914,1
36250,1
3369,0
50313,1
31193,0
52289,0
35055,0
3543,1
58019,1
50505,1
21679,1
48096,1
58663,1
23841,1
58636,1
8914,0
3285,0
42666,1
12946,1
59016,0
34267,1
727,1
59239,1
45295,1
35947,0
48085,0
45415,1
53210,1
918,0
53820,1
47336,1
23364,0
28526,1
55528,0
11453,1
42854,1
29496,0
57312,1
4012,1
44979,0
27847,1
23454,1
56542,1
17948,1
9238,0
23085,1
15258,0
20864,1
41113,1
24454,0
45309,1
5108,1
47404,1
3472,1
59551,1
7073,1
29751,1
4034,1
39568,1
48857,1
44689,1
48411,1
28523,1
56105,0
56574,0
47618,1
54817,1
30098,1
6112,0
28218,1
36397,1
21011,0
37611,0
27359,0
14100,1
35257,0
36858,1
5041,1
30863,1
2518,1
10545,1
38579,1
55265,1
15145,1
9333,0
3684,0
48266,0
9008,1
12932,1
57184,1
27364,1
50697,0
55899,0
28440,1
42517,0
47388,1
567,1
51775,1
2097,1
49809,0
15127,1
12346,1
9649,1
21908,0
25978,1
57537,0
25093,1
12139,1
44976,1
12255,1
37129,0
47393,1
33546,1
15207,0
33647,1
7800,1
59249,1
35715,1
18935,1
23531,1
54707,1
40475,0
4787,1
45603,0
16891,0
31285,0
43683,0
51327,0
50015,0
414,0
36000,0
4960,1
50607,1
44598,1
41510,1
17957,1
4951,0
39511,1
54212,1
10848,1
10350,0
30242,0
1719,0
24470,1
31241,1
19546,1
36838,1
26288,1
41506,0
49845,1
40137,1
11422,0
39367,1
3511,0
39285,0
39845,1
44686,1
48875,1
25228,1
16063,0
28377,1
29450,0
12884,0
56864,1
2914,1
12454,1
19059,1
26118,1
14127,0
56051,1
54119,1
32203,0
27886,0
61956,1
11449,1
54615,0
42931,0
21016,0
14334,1
19384,0
61852,0
55189,1
31409,0
5067,1
38658,0
56427,1
28363,0
53461,1
33279,1
22087,1
31515,1
43639,1
51655,1
53214,1
17934,1
48034,0
27897,0
22477,0
33317,1
11744,0
17184,0
60539,1
36974,1
8188,0
16113,1
56634,1
55676,1
3818,1
61888,1
44622,0
13667,1
56781,1
7892,1
57656,1
10348,1
45838,1
2021,1
27857,1
29413,1
54883,0
31949,1
40367,1
55664,0
16256,0
42987,1
35462,1
9956,1
54804,1
56730,1
21641,1
16450,0
35435,0
21718,1
1495,0
61687,0
10214,0
51055,1
31213,0
50369,1
14307,0
45090,0
52117,1
43944,1
9276,0
17967,1
10599,1
10637,0
26688,1
19439,1
52533,1
30603,0
12575,1
48905,1
42255,1
10445,1
3790,1
574,1
22547,1
28934,1
36620,1
13552,1
2368,1
12156,1
5420,1
36413,0
40363,1
50434,0
31980,0
30264,1
45473,1
28167,0
44012,1
12012,1
47321,1
51491,0
47094,1
46655,1
34456,0
59928,1
61727,1
13818,0
55829,0
17335,1
45335,0
56199,0
630,0
12024,0
10031,0
48622,1
61306,1
33454,1
14447,1
58976,0
52877,0
35274,1
36351,1
34198,0
11798,1
17722,0
26792,1
5509,1
44962,1
29130,0
21096,1
3454,0
51511,1
50229,1
39513,1
17839,0
49618,0
43435,1
59220,1
40927,0
40161,1
20682,1
50853,0
47249,0
50273,1
1786,1
56993,1
12239,0
10730,1
10247,0
36574,0
11667,1
36075,1
28219,1
50603,1
1838,0
9591,1
14591,1
2560,1
58011,1
37559,1
35987,0
61659,0
26756,1
44382,1
42106,0
56575,0
40179,0
55104,1
42282,0
16109,0
16660,1
5929,0
38655,1
54314,1
42391,1
49378,1
18592,1
21575,0
11421,1
51403,1
24935,1
48265,1
1638,1
42602,1
11976,1
26094,1
56657,1
48090,1
29044,1
44095,1
21173,1
34235,1
49094,0
19363,1
6292,1
27317,0
60193,1
147,1
35110,1
35226,1
46988,0
53552,1
42825,0
31916,1
13417,0
7150,0
26835,0
15199,1
29594,1
40135,0
16022,0
43401,1
43037,0
19323,0
